user_id,time,sat,channel,data_rate,blocked,reason
11,0,STARLINK-6186,4.0,223.3181288055333,False,
11,1,STARLINK-6186,4.0,106.50844624618834,False,
11,2,STARLINK-6186,4.0,142.173191666245,False,
8,0,STARLINK-6186,3.0,223.3005144065393,False,
8,1,STARLINK-6186,3.0,106.53031300601427,False,
8,2,STARLINK-6186,3.0,66.30478964796511,False,
9,0,STARLINK-31858,8.0,256.5950597279211,False,
9,1,STARLINK-31858,8.0,74.96608847766203,False,
9,2,STARLINK-31858,8.0,269.9133738007259,False,
10,0,STARLINK-31858,0.0,150.12103854625985,False,
10,1,STARLINK-31858,0.0,74.96608847766203,False,
10,2,STARLINK-31858,0.0,269.93669885893337,False,
11,3,STARLINK-31910,0.0,178.7601101302787,False,
11,4,STARLINK-31910,0.0,154.5219231652495,False,
11,5,STARLINK-31910,0.0,150.55604338429401,False,
8,3,STARLINK-31910,18.0,178.75798798887527,False,
8,4,STARLINK-31910,18.0,40.30585878899141,False,
8,5,STARLINK-31910,18.0,59.993445911055424,False,
9,3,STARLINK-33875,0.0,54.31250660738202,False,
9,4,STARLINK-33875,0.0,52.57333510665315,False,
9,5,STARLINK-33875,0.0,53.494942276106244,False,
10,3,STARLINK-33875,22.0,154.92595024112214,False,
10,4,STARLINK-33875,22.0,32.639194489338884,False,
10,5,STARLINK-33875,22.0,50.701588100349156,False,
44,3,STARLINK-6227,4.0,118.5341832262546,False,
44,4,STARLINK-6227,4.0,18.75397694782119,False,
44,5,STARLINK-6227,4.0,19.10826787412022,False,
47,3,STARLINK-6227,10.0,118.53333281548488,False,
47,4,STARLINK-6227,10.0,90.37583920217928,False,
47,5,STARLINK-6227,10.0,61.875130767468036,False,
45,3,STARLINK-6227,8.0,118.5315740351457,False,
45,4,STARLINK-6227,8.0,90.37584707397028,False,
45,5,STARLINK-6227,8.0,61.85891813727265,False,
46,3,STARLINK-33875,8.0,80.72483656594011,False,
46,4,STARLINK-33875,8.0,80.33758320763906,False,
46,5,STARLINK-33875,8.0,94.66667900232218,False,
57,4,STARLINK-32001,21.0,220.1173080660591,False,
57,5,STARLINK-32001,21.0,158.24096075129225,False,
57,6,STARLINK-32001,21.0,116.11608230164998,False,
59,4,STARLINK-5086,9.0,242.40320866306584,False,
59,5,STARLINK-5086,9.0,196.49582216354509,False,
59,6,STARLINK-5086,9.0,152.10793152699145,False,
56,4,STARLINK-32001,7.0,220.10620047408497,False,
56,5,STARLINK-32001,7.0,32.20422663458043,False,
56,6,STARLINK-32001,7.0,22.444860156296816,False,
58,4,STARLINK-5086,10.0,167.70435966147733,False,
58,5,STARLINK-5086,10.0,148.6436710242149,False,
58,6,STARLINK-5086,10.0,76.20163569328611,False,
20,5,STARLINK-4158,11.0,230.77436856797593,False,
20,6,STARLINK-4158,11.0,245.2596566837184,False,
20,7,STARLINK-4158,11.0,253.6270181154059,False,
22,5,STARLINK-4158,14.0,230.77426679499314,False,
22,6,STARLINK-4158,14.0,143.49685692372822,False,
22,7,STARLINK-4158,14.0,96.85198302636145,False,
21,5,STARLINK-31353,2.0,168.18613952550936,False,
21,6,STARLINK-31353,2.0,18.32451790021924,False,
21,7,STARLINK-31353,2.0,28.856150595844664,False,
23,5,STARLINK-31353,5.0,117.78496252440654,False,
23,6,STARLINK-31353,5.0,8.205392200241707,False,
23,7,STARLINK-31353,5.0,50.41865285376123,False,
11,6,STARLINK-5860,15.0,153.05124235667932,False,
11,7,STARLINK-5860,15.0,111.36362815760619,False,
11,8,STARLINK-5860,15.0,41.88820830568086,False,
10,6,STARLINK-5860,16.0,139.9316558997729,False,
10,7,STARLINK-5860,16.0,122.04198357273484,False,
10,8,STARLINK-5860,16.0,52.12395568418305,False,
8,6,STARLINK-4158,15.0,93.21052857326217,False,
8,7,STARLINK-4158,15.0,78.01513372280131,False,
8,8,STARLINK-4158,15.0,75.0920422447411,False,
9,6,STARLINK-4158,0.0,143.49685695211127,False,
9,7,STARLINK-4158,0.0,96.8519510272098,False,
9,8,STARLINK-4158,0.0,78.277303415155,False,
44,6,STARLINK-4158,22.0,125.83422838438531,False,
44,7,STARLINK-4158,22.0,85.11524050484924,False,
44,8,STARLINK-4158,22.0,102.14905230207455,False,
47,6,STARLINK-4158,9.0,125.78431646052954,False,
47,7,STARLINK-4158,9.0,253.6229875608235,False,
47,8,STARLINK-4158,9.0,227.63044883905295,False,
45,6,STARLINK-5860,12.0,89.24117041432893,False,
45,7,STARLINK-5860,12.0,61.16857414477129,False,
45,8,STARLINK-5860,12.0,44.66070973478612,False,
52,6,STARLINK-34163,8.0,116.32895628843725,False,
52,7,STARLINK-34163,8.0,84.17001204371944,False,
52,8,STARLINK-34163,8.0,36.1766871707578,False,
53,6,STARLINK-34163,10.0,104.32798895194638,False,
53,7,STARLINK-34163,10.0,220.05264587751245,False,
53,8,STARLINK-34163,10.0,101.30468260313663,False,
46,6,STARLINK-34163,17.0,98.61580543393625,False,
46,7,STARLINK-34163,17.0,130.57257008558418,False,
46,8,STARLINK-34163,17.0,38.04868460002377,False,
54,6,STARLINK-34163,21.0,94.81461450852831,False,
54,7,STARLINK-34163,21.0,54.50697284020343,False,
54,8,STARLINK-34163,21.0,18.585560885512457,False,
55,6,STARLINK-34163,4.0,94.81081518744328,False,
55,7,STARLINK-34163,4.0,54.50555523833629,False,
55,8,STARLINK-34163,4.0,18.585556376425497,False,
57,7,STARLINK-4158,19.0,253.6270181154059,False,
57,8,STARLINK-4158,19.0,227.6381213469987,False,
57,9,STARLINK-4158,19.0,159.13368214553796,False,
59,7,STARLINK-4158,24.0,96.85170155992182,False,
59,8,STARLINK-4158,24.0,78.28001251293398,False,
59,9,STARLINK-4158,24.0,22.152146811985773,False,
56,7,STARLINK-34165,5.0,73.33519114074767,False,
56,8,STARLINK-34165,5.0,37.695734103252164,False,
56,9,STARLINK-34165,5.0,56.752772126685805,False,
58,7,STARLINK-33873,6.0,64.97954158154865,False,
58,8,STARLINK-33873,6.0,135.4883826668649,False,
58,9,STARLINK-33873,6.0,265.12642500514767,False,
37,7,STARLINK-34165,16.0,50.73491687411156,False,
37,8,STARLINK-34165,16.0,46.67449166962521,False,
37,9,STARLINK-34165,16.0,34.28612859668687,False,
39,7,STARLINK-34165,3.0,48.596517583775,False,
39,8,STARLINK-34165,3.0,40.26306247559378,False,
39,9,STARLINK-34165,3.0,56.76058110115336,False,
38,7,STARLINK-34165,21.0,45.875378885306866,False,
38,8,STARLINK-34165,21.0,43.8236921348832,False,
38,9,STARLINK-34165,21.0,56.76147079962608,False,
36,7,STARLINK-33873,10.0,64.97868351490675,False,
36,8,STARLINK-33873,10.0,135.50849653212777,False,
36,9,STARLINK-33873,10.0,265.17965385785,False,
23,8,STARLINK-33918,11.0,178.49679348659117,False,
23,9,STARLINK-33918,11.0,117.59439325638668,False,
23,10,STARLINK-33918,11.0,133.38799190134003,False,
20,8,STARLINK-33918,12.0,52.5884364153696,False,
20,9,STARLINK-33918,12.0,117.59336753683674,False,
20,10,STARLINK-33918,12.0,133.38779081346368,False,
21,8,STARLINK-33918,1.0,44.84851734414466,False,
21,9,STARLINK-33918,1.0,18.89627804386878,False,
21,10,STARLINK-33918,1.0,133.3769607880625,False,
22,8,STARLINK-33918,6.0,44.84557608533688,False,
22,9,STARLINK-33918,6.0,18.895336529705038,False,
22,10,STARLINK-33918,6.0,133.38651664031278,False,
32,8,STARLINK-34165,20.0,42.23601953430755,False,
32,9,STARLINK-34165,20.0,18.794124107596215,False,
32,10,STARLINK-34165,20.0,104.13570829717838,False,
33,8,STARLINK-34165,9.0,38.17249154741633,False,
33,9,STARLINK-34165,9.0,42.34292670496495,False,
33,10,STARLINK-34165,9.0,104.13569507771348,False,
35,8,STARLINK-33918,16.0,41.78461054430103,False,
35,9,STARLINK-33918,16.0,26.53824672567023,False,
35,10,STARLINK-33918,16.0,34.76048019535706,False,
34,8,STARLINK-33918,7.0,38.82153431234074,False,
34,9,STARLINK-33918,7.0,42.55234480629698,False,
34,10,STARLINK-33918,7.0,133.33904758608372,False,
47,9,STARLINK-34160,17.0,187.75049404296155,False,
47,10,STARLINK-34160,17.0,179.21197020376152,False,
47,11,STARLINK-34160,17.0,156.20554618628245,False,
11,9,STARLINK-34160,11.0,104.61777050395118,False,
11,10,STARLINK-34160,11.0,89.55684772254442,False,
8,9,STARLINK-34160,12.0,104.61742511059856,False,
8,10,STARLINK-34160,12.0,89.55679785175106,False,
8,11,STARLINK-34160,12.0,156.20049850137406,False,
46,9,STARLINK-34160,4.0,104.61729574609781,False,
46,10,STARLINK-34160,4.0,89.5541324941717,False,
46,11,STARLINK-34160,4.0,156.19923782186615,False,
9,9,STARLINK-34160,15.0,104.61654238721964,False,
9,10,STARLINK-34160,15.0,89.52144830598726,False,
9,11,STARLINK-34160,15.0,156.09863449844676,False,
45,9,STARLINK-34160,19.0,81.68745898175706,False,
45,10,STARLINK-34160,19.0,179.1745359323294,False,
45,11,STARLINK-34160,19.0,156.20554618628245,False,
44,9,STARLINK-34160,3.0,74.21941076554778,False,
44,10,STARLINK-34160,3.0,67.99864602972292,False,
44,11,STARLINK-34160,3.0,75.41989455192571,False,
10,9,STARLINK-34160,5.0,74.21357968170133,False,
10,10,STARLINK-34160,5.0,67.99861787876512,False,
10,11,STARLINK-34160,5.0,75.41873935810976,False,
52,9,STARLINK-34160,18.0,39.717811016868545,False,
52,10,STARLINK-34160,18.0,179.20395250341286,False,
52,11,STARLINK-34160,18.0,156.20554618628245,False,
54,9,STARLINK-34160,2.0,39.717761949951516,False,
54,10,STARLINK-34160,2.0,179.17430469767604,False,
54,11,STARLINK-34160,2.0,154.99206114645088,False,
55,9,STARLINK-34160,10.0,39.71772782946037,False,
55,10,STARLINK-34160,10.0,179.21656607095653,False,
55,11,STARLINK-34160,10.0,156.20289773594098,False,
96,9,STARLINK-34160,14.0,39.715810219241725,False,
96,10,STARLINK-34160,14.0,179.2182634904105,False,
96,11,STARLINK-34160,14.0,156.19923782186615,False,
97,9,STARLINK-34160,20.0,34.554173590536216,False,
97,10,STARLINK-34160,20.0,106.25765402791035,False,
97,11,STARLINK-34160,20.0,75.41878890788038,False,
53,9,STARLINK-34165,13.0,42.34283339823627,False,
53,10,STARLINK-34165,13.0,104.13096369148477,False,
53,11,STARLINK-34165,13.0,130.052956806831,False,
99,9,STARLINK-34165,7.0,30.861201323615767,False,
99,10,STARLINK-34165,7.0,43.771990851635024,False,
99,11,STARLINK-34165,7.0,131.0508815881832,False,
98,9,STARLINK-34165,12.0,26.363571651136837,False,
98,10,STARLINK-34165,12.0,22.221089295046056,False,
98,11,STARLINK-34165,12.0,50.27244200617837,False,
56,10,STARLINK-34709,0.0,0.20822217313727992,False,
56,11,STARLINK-34709,0.0,0.1441779121050636,False,
56,12,STARLINK-34709,0.0,1.0051661675482308,False,
57,10,STARLINK-34709,22.0,0.2078972329933257,False,
57,11,STARLINK-34709,22.0,0.14417821027770886,False,
57,12,STARLINK-34709,22.0,1.0051142873173444,False,
59,10,STARLINK-34709,9.0,0.0845103885120094,False,
59,11,STARLINK-34709,9.0,0.04633585641240196,False,
59,12,STARLINK-34709,9.0,0.09004870958484291,False,
58,10,STARLINK-34709,13.0,0.08450802481782091,False,
58,11,STARLINK-34709,13.0,0.04614505912905675,False,
58,12,STARLINK-34709,13.0,0.9697302436880403,False,
37,10,STARLINK-34709,6.0,0.06559496254119376,False,
37,11,STARLINK-34709,6.0,0.14416971356432706,False,
37,12,STARLINK-34709,6.0,0.09004886904489022,False,
39,10,STARLINK-34709,21.0,0.06559496254119376,False,
39,11,STARLINK-34709,21.0,0.14417771825499068,False,
39,12,STARLINK-34709,21.0,1.0051141720113437,False,
36,10,STARLINK-34709,7.0,0.04488681843203138,False,
36,11,STARLINK-34709,7.0,0.046335480076308895,False,
36,12,STARLINK-34709,7.0,1.0050743390496146,False,
38,10,STARLINK-34709,14.0,0.04410216390905207,False,
38,11,STARLINK-34709,14.0,0.037265812969997626,False,
38,12,STARLINK-34709,14.0,0.3100034516621569,False,
11,11,STARLINK-34160,11.0,156.20554618628245,False,
20,11,STARLINK-4028,1.0,1.4844711203337426,False,
20,12,STARLINK-4028,1.0,4.156939426252763,False,
20,13,STARLINK-4028,1.0,1.057140244318249,False,
22,11,STARLINK-4028,11.0,0.3853545824329398,False,
22,12,STARLINK-4028,11.0,1.2941983101481995,False,
22,13,STARLINK-4028,11.0,0.39072039868891956,False,
21,11,STARLINK-4028,22.0,1.4826297160815873,False,
21,12,STARLINK-4028,22.0,4.121321329146003,False,
21,13,STARLINK-4028,22.0,1.0572096047122503,False,
23,11,STARLINK-4028,6.0,1.4825429547040947,False,
23,12,STARLINK-4028,6.0,0.37677976549545783,False,
23,13,STARLINK-4028,6.0,0.30292886351410764,False,
32,11,STARLINK-4028,9.0,1.4825246537092391,False,
32,12,STARLINK-4028,9.0,0.3767790996351749,False,
32,13,STARLINK-4028,9.0,0.30292423678112235,False,
74,11,STARLINK-4028,19.0,0.3853545824329398,False,
74,12,STARLINK-4028,19.0,1.2941983101481995,False,
74,13,STARLINK-4028,19.0,0.39072584014058354,False,
35,11,STARLINK-4028,10.0,0.3853515071122372,False,
35,12,STARLINK-4028,10.0,1.294163116422552,False,
35,13,STARLINK-4028,10.0,0.3907023495762463,False,
34,11,STARLINK-4028,4.0,0.3853472571864021,False,
34,12,STARLINK-4028,4.0,1.2941412294185073,False,
34,13,STARLINK-4028,4.0,0.39072584014058354,False,
72,11,STARLINK-4028,5.0,0.38534668559994845,False,
72,12,STARLINK-4028,5.0,0.9827063996680172,False,
72,13,STARLINK-4028,5.0,0.13734560160362552,False,
33,11,STARLINK-4028,23.0,0.3853425302842308,False,
33,12,STARLINK-4028,23.0,1.2941741246919363,False,
33,13,STARLINK-4028,23.0,0.3907189112364413,False,
73,11,STARLINK-4028,15.0,0.3852303828401285,False,
73,12,STARLINK-4028,15.0,0.9807062510295655,False,
73,13,STARLINK-4028,15.0,0.24558316961166163,False,
75,11,STARLINK-4028,12.0,0.2494255036018295,False,
75,12,STARLINK-4028,12.0,1.2941819375251737,False,
75,13,STARLINK-4028,12.0,0.39071885506751886,False,
11,12,,,0.0,True,no_feasible_W_or_conflict
10,12,STARLINK-31678,20.0,278.9001315213654,False,
9,12,STARLINK-31678,17.0,278.8822811196026,False,
8,12,STARLINK-31678,0.0,277.9893672523082,False,
44,12,STARLINK-31678,21.0,277.98395747082753,False,
44,13,STARLINK-31678,21.0,144.63434954856646,False,
47,12,STARLINK-31678,7.0,277.97981294926404,False,
47,13,STARLINK-31678,7.0,144.63434954856646,False,
45,12,STARLINK-32190,18.0,82.09331723052334,False,
45,13,STARLINK-32190,18.0,110.56611377946254,False,
45,14,STARLINK-32190,18.0,179.67593968068607,False,
46,12,STARLINK-32190,20.0,10.210393598179609,False,
46,13,STARLINK-32190,20.0,43.58352352079194,False,
46,14,STARLINK-32190,20.0,179.67593968068607,False,
52,12,STARLINK-32190,3.0,82.08203489129859,False,
52,13,STARLINK-32190,3.0,110.55417889917925,False,
52,14,STARLINK-32190,3.0,179.6759394405521,False,
53,12,STARLINK-32190,0.0,10.20280832057195,False,
53,13,STARLINK-32190,0.0,43.58299928981792,False,
53,14,STARLINK-32190,0.0,65.14183755884123,False,
87,12,,,0.0,True,capacity_shortage
84,12,STARLINK-32190,14.0,81.58272981164026,False,
84,13,STARLINK-32190,14.0,35.86438165593594,False,
84,14,STARLINK-32190,14.0,95.23081318454483,False,
55,12,STARLINK-32190,1.0,79.99628562749218,False,
55,13,STARLINK-32190,1.0,109.91321713695892,False,
55,14,STARLINK-32190,1.0,65.14187284794255,False,
96,12,STARLINK-32190,2.0,79.94391124212174,False,
96,13,STARLINK-32190,2.0,109.91735723775038,False,
96,14,STARLINK-32190,2.0,179.67593968068607,False,
86,12,STARLINK-32190,22.0,79.50959223366031,False,
86,13,STARLINK-32190,22.0,109.91784652701377,False,
86,14,STARLINK-32190,22.0,179.67559259868187,False,
98,12,STARLINK-32190,24.0,31.931292985438446,False,
98,13,STARLINK-32190,24.0,53.66757287525541,False,
98,14,STARLINK-32190,24.0,179.67593968068607,False,
97,12,STARLINK-32190,23.0,31.620650939498223,False,
97,13,STARLINK-32190,23.0,53.522301933189596,False,
97,14,STARLINK-32190,23.0,70.41538208556015,False,
85,12,STARLINK-32190,21.0,10.202763084782667,False,
85,13,STARLINK-32190,21.0,43.58352352079194,False,
85,14,STARLINK-32190,21.0,179.6757168765934,False,
99,12,STARLINK-32190,7.0,10.202728427462446,False,
99,13,STARLINK-32190,7.0,43.58352352079194,False,
99,14,STARLINK-32190,7.0,179.67579137278423,False,
54,12,STARLINK-32190,6.0,10.170978116747692,False,
54,13,STARLINK-32190,6.0,43.488334818557234,False,
54,14,STARLINK-32190,6.0,65.14184580723229,False,
56,13,,,0.0,True,no_feasible_W_or_conflict
58,13,,,0.0,True,no_feasible_W_or_conflict
9,13,STARLINK-31678,17.0,144.63377517488368,False,
10,13,STARLINK-31678,20.0,77.64957061750485,False,
8,13,STARLINK-31678,0.0,77.64847410357176,False,
57,13,STARLINK-31744,17.0,78.45245694536912,False,
57,14,STARLINK-31744,17.0,123.66674611269676,False,
59,13,STARLINK-31744,4.0,170.3968386112475,False,
59,14,STARLINK-31744,4.0,123.66674611269676,False,
68,13,,,0.0,True,no_feasible_W_or_conflict
36,13,,,0.0,True,no_feasible_W_or_conflict
37,13,,,0.0,True,no_feasible_W_or_conflict
38,13,,,0.0,True,no_feasible_W_or_conflict
39,13,,,0.0,True,no_feasible_W_or_conflict
69,13,,,0.0,True,no_feasible_W_or_conflict
70,13,,,0.0,True,no_feasible_W_or_conflict
71,13,,,0.0,True,no_feasible_W_or_conflict
8,14,,,0.0,True,no_feasible_W_or_conflict
9,14,,,0.0,True,no_feasible_W_or_conflict
10,14,,,0.0,True,no_feasible_W_or_conflict
44,14,,,0.0,True,no_feasible_W_or_conflict
47,14,,,0.0,True,no_feasible_W_or_conflict
21,14,STARLINK-30906,16.0,172.3883699873004,False,
21,15,STARLINK-30906,16.0,129.81325823732843,False,
21,16,STARLINK-30906,16.0,269.03490683636016,False,
20,14,STARLINK-30906,13.0,172.38582541175438,False,
20,15,STARLINK-30906,13.0,52.567801300683925,False,
20,16,STARLINK-30906,13.0,97.83570574689016,False,
23,14,STARLINK-30906,19.0,172.38582541175438,False,
23,15,STARLINK-30906,19.0,129.81832889948433,False,
23,16,STARLINK-30906,19.0,151.7642457986004,False,
22,14,STARLINK-30906,8.0,172.357316915614,False,
22,15,STARLINK-30906,8.0,129.78673747567026,False,
22,16,STARLINK-30906,8.0,268.99402366043915,False,
32,14,STARLINK-33717,12.0,184.26615327234518,False,
32,15,STARLINK-33717,12.0,194.16860025218298,False,
32,16,STARLINK-33717,12.0,198.85598154759677,False,
35,14,STARLINK-33717,10.0,184.26612461197715,False,
35,15,STARLINK-33717,10.0,91.764567636869,False,
35,16,STARLINK-33717,10.0,58.55866480497843,False,
33,14,STARLINK-33717,4.0,98.51734173929749,False,
33,15,STARLINK-33717,4.0,194.17015703572432,False,
33,16,STARLINK-33717,4.0,98.59030366982836,False,
75,14,STARLINK-33717,11.0,73.0941121578196,False,
75,15,STARLINK-33717,11.0,102.08194676691937,False,
75,16,STARLINK-33717,11.0,42.662667359289834,False,
74,14,STARLINK-33717,13.0,73.09373383537226,False,
74,15,STARLINK-33717,13.0,65.91562536627663,False,
74,16,STARLINK-33717,13.0,28.775114512915955,False,
30,14,STARLINK-33717,19.0,73.09373383537226,False,
30,15,STARLINK-33717,19.0,102.08194676691937,False,
30,16,STARLINK-33717,19.0,35.6891795716526,False,
72,14,STARLINK-33717,2.0,69.73233320446718,False,
72,15,STARLINK-33717,2.0,78.44759669643906,False,
72,16,STARLINK-33717,2.0,40.991955501540424,False,
31,14,STARLINK-33717,24.0,69.73233320446718,False,
31,15,STARLINK-33717,24.0,138.21073049194658,False,
31,16,STARLINK-33717,24.0,198.85007623528338,False,
73,14,STARLINK-33717,3.0,69.73233317537776,False,
73,15,STARLINK-33717,3.0,134.38179272892359,False,
73,16,STARLINK-33717,3.0,188.81496151314317,False,
29,14,STARLINK-33717,15.0,69.73233317537776,False,
29,15,STARLINK-33717,15.0,138.20868944645377,False,
29,16,STARLINK-33717,15.0,198.85771955652712,False,
34,14,STARLINK-30906,4.0,47.0817643072268,False,
34,15,STARLINK-30906,4.0,37.72935190489684,False,
34,16,STARLINK-30906,4.0,88.85634119263923,False,
28,14,STARLINK-30906,17.0,90.09062638648048,False,
28,15,STARLINK-30906,17.0,52.56772645264603,False,
28,16,STARLINK-30906,17.0,97.83723455003278,False,
57,15,,,0.0,True,no_feasible_W_or_conflict
59,15,,,0.0,True,no_feasible_W_or_conflict
45,15,STARLINK-30906,7.0,129.81832889948433,False,
46,15,STARLINK-30906,22.0,129.81832889948433,False,
98,15,STARLINK-31457,20.0,147.98752450436925,False,
98,16,STARLINK-31457,20.0,223.93589534739945,False,
98,17,STARLINK-31457,20.0,136.8947751366617,False,
53,15,STARLINK-31457,14.0,147.98331424895912,False,
53,16,STARLINK-31457,14.0,223.93614558621132,False,
53,17,STARLINK-31457,14.0,59.09052109210349,False,
54,15,STARLINK-31457,5.0,99.84985414680649,False,
54,16,STARLINK-31457,5.0,223.91792391723286,False,
54,17,STARLINK-31457,5.0,137.00853045481756,False,
52,15,STARLINK-31457,23.0,70.73830899244543,False,
52,16,STARLINK-31457,23.0,52.751615443348335,False,
52,17,STARLINK-31457,23.0,136.99274502102242,False,
55,15,STARLINK-31457,16.0,70.73719166737324,False,
55,16,STARLINK-31457,16.0,52.75260499690076,False,
55,17,STARLINK-31457,16.0,59.0962026648655,False,
96,15,STARLINK-31457,8.0,70.7313468169954,False,
96,16,STARLINK-31457,8.0,52.75098993345049,False,
96,17,STARLINK-31457,8.0,136.99034941833992,False,
97,15,STARLINK-31457,0.0,45.581854098102376,False,
97,16,STARLINK-31457,0.0,83.65328330735726,False,
97,17,STARLINK-31457,0.0,37.504740782478294,False,
86,15,STARLINK-31457,24.0,45.58173808101978,False,
86,16,STARLINK-31457,24.0,83.65242680743877,False,
86,17,STARLINK-31457,24.0,28.37940782759064,False,
61,15,STARLINK-31457,3.0,44.94074548984175,False,
61,16,STARLINK-31457,3.0,82.47150616692623,False,
61,17,STARLINK-31457,3.0,27.56266179423108,False,
99,15,STARLINK-31457,19.0,34.572494622234764,False,
99,16,STARLINK-31457,19.0,34.17562924619835,False,
99,17,STARLINK-31457,19.0,21.12980153516169,False,
63,15,STARLINK-31457,4.0,34.57246388969102,False,
63,16,STARLINK-31457,4.0,34.17520268995058,False,
63,17,STARLINK-31457,4.0,25.785078525458434,False,
62,15,STARLINK-33717,21.0,194.1708778534861,False,
62,16,STARLINK-33717,21.0,63.104812584617385,False,
62,17,STARLINK-33717,21.0,89.33982267776801,False,
85,15,STARLINK-33717,22.0,102.08194676691937,False,
85,16,STARLINK-33717,22.0,42.66273090830567,False,
85,17,STARLINK-33717,22.0,196.70955809177485,False,
84,15,STARLINK-33717,14.0,91.7635463377271,False,
84,16,STARLINK-33717,14.0,58.559782201425705,False,
84,17,STARLINK-33717,14.0,72.09677942018227,False,
60,15,STARLINK-33717,23.0,65.91613239670869,False,
60,16,STARLINK-33717,23.0,28.774990499270388,False,
60,17,STARLINK-33717,23.0,105.96547377001905,False,
45,16,STARLINK-30906,7.0,268.99386793233646,False,
46,16,STARLINK-30906,22.0,112.83991818813871,False,
66,16,STARLINK-6116,18.0,202.54995227771,False,
66,17,STARLINK-6116,18.0,77.84117179243191,False,
66,18,STARLINK-6116,18.0,8.225567870297281,False,
67,16,STARLINK-6116,15.0,77.09911336358599,False,
67,17,STARLINK-6116,15.0,50.05530934863862,False,
67,18,STARLINK-6116,15.0,117.1510849869172,False,
64,16,STARLINK-6116,12.0,77.09892930220016,False,
64,17,STARLINK-6116,12.0,50.05530397621169,False,
64,18,STARLINK-6116,12.0,116.9524970578855,False,
65,16,STARLINK-6116,20.0,65.55002167948456,False,
65,17,STARLINK-6116,20.0,78.96520156366819,False,
65,18,STARLINK-6116,20.0,79.36105998690086,False,
20,17,,,0.0,True,no_feasible_W_or_conflict
45,17,,,0.0,True,no_feasible_W_or_conflict
46,17,,,0.0,True,no_feasible_W_or_conflict
22,17,,,0.0,True,no_feasible_W_or_conflict
33,17,STARLINK-31771,11.0,221.945164631073,False,
33,18,STARLINK-31771,11.0,37.371219875834576,False,
32,17,STARLINK-31771,7.0,221.88510045748882,False,
32,18,STARLINK-31771,7.0,101.5909057741881,False,
21,17,STARLINK-31771,10.0,118.08710809496895,False,
23,17,STARLINK-33717,11.0,62.65906611029576,False,
75,17,STARLINK-31001,11.0,20.09451655506398,False,
75,18,STARLINK-31001,11.0,12.31426968675582,False,
75,19,STARLINK-31001,11.0,56.122529520898524,False,
35,17,STARLINK-31001,7.0,32.67703784102437,False,
35,18,STARLINK-31001,7.0,24.6648823753365,False,
35,19,STARLINK-31001,7.0,18.4106463121058,False,
34,17,STARLINK-6116,11.0,23.879436450095145,False,
34,18,STARLINK-6116,11.0,5.033413690183694,False,
34,19,STARLINK-6116,11.0,22.65988964128896,False,
29,17,STARLINK-5950,5.0,78.01724485925354,False,
29,18,STARLINK-5950,5.0,29.02683699710551,False,
29,19,STARLINK-5950,5.0,41.01648548607134,False,
72,17,STARLINK-5950,12.0,64.60046425549038,False,
72,18,STARLINK-5950,12.0,67.85475477064628,False,
72,19,STARLINK-5950,12.0,66.28839258210662,False,
73,17,STARLINK-6116,5.0,46.78159504053007,False,
73,18,STARLINK-6116,5.0,18.809432377884015,False,
73,19,STARLINK-6116,5.0,27.28797917298733,False,
31,17,STARLINK-6116,13.0,78.98639770141747,False,
31,18,STARLINK-6116,13.0,79.41015968083698,False,
31,19,STARLINK-6116,13.0,54.3715074426658,False,
28,17,STARLINK-6116,8.0,78.9860136720492,False,
28,18,STARLINK-6116,8.0,79.40511779087495,False,
28,19,STARLINK-6116,8.0,54.3715074426658,False,
74,17,STARLINK-6116,9.0,77.34548933394858,False,
74,18,STARLINK-6116,9.0,78.6804392127976,False,
74,19,STARLINK-6116,9.0,17.753074538413262,False,
30,17,STARLINK-31001,8.0,34.167265203204146,False,
30,18,STARLINK-31001,8.0,87.22887600981942,False,
30,19,STARLINK-31001,8.0,58.97195753251111,False,
3,17,STARLINK-31001,9.0,33.735550822238004,False,
3,18,STARLINK-31001,9.0,86.83866487367897,False,
3,19,STARLINK-31001,9.0,26.038620114236554,False,
2,17,STARLINK-31001,15.0,49.119558661049304,False,
2,18,STARLINK-31001,15.0,103.30725184619178,False,
2,19,STARLINK-31001,15.0,92.49236595412661,False,
0,17,STARLINK-30530,5.0,25.66086789184341,False,
0,18,STARLINK-30530,5.0,41.398901679634385,False,
0,19,STARLINK-30530,5.0,46.97411978233097,False,
1,17,STARLINK-30530,8.0,28.07638978907639,False,
1,18,STARLINK-30530,8.0,59.20387910230036,False,
1,19,STARLINK-30530,8.0,49.65855530209188,False,
52,18,,,0.0,True,no_feasible_W_or_conflict
23,18,,,0.0,True,no_feasible_W_or_conflict
55,18,STARLINK-31771,6.0,274.7893648605263,False,
54,18,STARLINK-31771,23.0,274.7694823067464,False,
21,18,STARLINK-31771,10.0,216.3906446920379,False,
98,18,STARLINK-5158,6.0,115.93294696930862,False,
98,19,STARLINK-5158,6.0,29.99690677599807,False,
53,18,STARLINK-5158,22.0,341.62089557527236,False,
97,18,STARLINK-5158,21.0,236.7988797302586,False,
97,19,STARLINK-5158,21.0,35.96666955688413,False,
97,20,STARLINK-5158,21.0,52.31691683759477,False,
96,18,STARLINK-5158,20.0,236.7434462911156,False,
96,19,STARLINK-5158,20.0,50.3610972902128,False,
96,20,STARLINK-5158,20.0,46.598537340860354,False,
99,18,STARLINK-30069,23.0,50.617277481641615,False,
99,19,STARLINK-30069,23.0,133.22573191633842,False,
61,18,STARLINK-5158,4.0,221.7240645462509,False,
61,19,STARLINK-5158,4.0,17.841983863150237,False,
61,20,STARLINK-5158,4.0,38.886278237649485,False,
84,18,STARLINK-5158,13.0,212.24696146051608,False,
84,19,STARLINK-5158,13.0,49.449944466057204,False,
84,20,STARLINK-5158,13.0,81.02490388939376,False,
63,18,STARLINK-5158,12.0,180.1482809445234,False,
63,19,STARLINK-5158,12.0,50.93450648020601,False,
63,20,STARLINK-5158,12.0,65.22440540818161,False,
25,18,STARLINK-5158,14.0,162.6782143575699,False,
25,19,STARLINK-5158,14.0,47.029993919500214,False,
25,20,STARLINK-5158,14.0,56.732709628340245,False,
27,18,STARLINK-5158,9.0,143.82449602146502,False,
27,19,STARLINK-5158,9.0,17.32795133870113,False,
27,20,STARLINK-5158,9.0,39.53311217456328,False,
26,18,STARLINK-30069,4.0,27.7248301713479,False,
26,19,STARLINK-30069,4.0,10.70461621590127,False,
26,20,STARLINK-30069,4.0,29.52224960944891,False,
85,18,STARLINK-30069,13.0,27.362382790337655,False,
85,19,STARLINK-30069,13.0,24.496394954572843,False,
85,20,STARLINK-30069,13.0,47.87102633971095,False,
60,18,STARLINK-30069,24.0,90.56995991053343,False,
60,19,STARLINK-30069,24.0,41.69722605454493,False,
60,20,STARLINK-30069,24.0,210.20571333797636,False,
24,18,STARLINK-30069,17.0,81.75936012364124,False,
24,19,STARLINK-30069,17.0,13.493399998853391,False,
24,20,STARLINK-30069,17.0,75.37775182530235,False,
86,18,STARLINK-30069,3.0,78.03577113878931,False,
86,19,STARLINK-30069,3.0,33.89157531709379,False,
86,20,STARLINK-30069,3.0,35.117471832113644,False,
62,18,STARLINK-30530,4.0,19.210382295129758,False,
62,19,STARLINK-30530,4.0,22.830606629265326,False,
62,20,STARLINK-30530,4.0,18.827967298442026,False,
32,19,,,0.0,True,no_feasible_W_or_conflict
33,19,,,0.0,True,no_feasible_W_or_conflict
21,19,,,0.0,True,no_feasible_W_or_conflict
54,19,,,0.0,True,no_feasible_W_or_conflict
55,19,,,0.0,True,no_feasible_W_or_conflict
53,19,STARLINK-5158,22.0,165.5922137749901,False,
66,19,STARLINK-5078,0.0,274.4703859869645,False,
66,20,STARLINK-5078,0.0,199.269680621935,False,
66,21,STARLINK-5078,0.0,191.16251157183925,False,
48,19,STARLINK-3752,23.0,165.36788262379542,False,
48,20,STARLINK-3752,23.0,79.44835875077533,False,
48,21,STARLINK-3752,23.0,18.360643504085726,False,
67,19,STARLINK-3752,10.0,151.27025622370653,False,
67,20,STARLINK-3752,10.0,226.55332845076603,False,
67,21,STARLINK-3752,10.0,51.40341400904973,False,
64,19,STARLINK-3752,2.0,151.26903163364906,False,
64,20,STARLINK-3752,2.0,226.56507526784534,False,
64,21,STARLINK-3752,2.0,51.40938620430369,False,
65,19,STARLINK-5078,10.0,61.66102808621084,False,
65,20,STARLINK-5078,10.0,57.723790436730575,False,
65,21,STARLINK-5078,10.0,151.48756521039658,False,
50,19,STARLINK-5078,2.0,61.66084095999493,False,
50,20,STARLINK-5078,2.0,57.72454576388653,False,
50,21,STARLINK-5078,2.0,151.4953441718364,False,
51,19,STARLINK-5078,22.0,138.79834909253955,False,
51,20,STARLINK-5078,22.0,65.21758530174048,False,
51,21,STARLINK-5078,22.0,84.69806650208457,False,
49,19,STARLINK-5078,15.0,125.26700144301438,False,
49,20,STARLINK-5078,15.0,89.5681870175486,False,
49,21,STARLINK-5078,15.0,94.4643452042168,False,
35,20,,,0.0,True,no_feasible_W_or_conflict
53,20,STARLINK-5158,22.0,74.33006633449648,False,
98,20,STARLINK-5158,6.0,50.10066496773039,False,
99,20,STARLINK-30069,23.0,63.089007454460464,False,
34,20,STARLINK-6116,8.0,185.61523138265028,False,
75,20,STARLINK-30530,8.0,68.75372461093454,False,
75,21,STARLINK-30530,8.0,93.54266483332195,False,
72,20,STARLINK-30334,8.0,28.954907297816163,False,
72,21,STARLINK-30334,8.0,54.00195586036112,False,
72,22,STARLINK-30334,8.0,235.6005853965903,False,
73,20,STARLINK-5078,8.0,38.57534962125531,False,
73,21,STARLINK-5078,8.0,89.98634968910329,False,
73,22,STARLINK-5078,8.0,24.7157214622705,False,
74,20,STARLINK-2523,19.0,100.22455886174929,False,
74,21,STARLINK-2523,19.0,108.0008754757777,False,
74,22,STARLINK-2523,19.0,69.55313054385753,False,
28,20,STARLINK-5311,19.0,42.08325056780433,False,
28,21,STARLINK-5311,19.0,104.68930033538405,False,
28,22,STARLINK-5311,19.0,66.83548577903213,False,
40,20,STARLINK-5803,0.0,48.55539249646013,False,
40,21,STARLINK-5803,0.0,42.70729930282182,False,
40,22,STARLINK-5803,0.0,105.01462196215012,False,
41,20,STARLINK-5803,18.0,45.50604256880039,False,
41,21,STARLINK-5803,18.0,54.208271602479094,False,
41,22,STARLINK-5803,18.0,38.734658591738125,False,
31,20,STARLINK-5803,12.0,45.50598934631861,False,
31,21,STARLINK-5803,12.0,54.20908750698506,False,
31,22,STARLINK-5803,12.0,55.58718859490646,False,
2,20,STARLINK-5803,24.0,44.91563699480858,False,
2,21,STARLINK-5803,24.0,62.65851615391838,False,
2,22,STARLINK-5803,24.0,190.57054965089998,False,
29,20,STARLINK-5078,12.0,47.728100323309626,False,
29,21,STARLINK-5078,12.0,59.69004047533631,False,
29,22,STARLINK-5078,12.0,17.807915522891168,False,
0,20,STARLINK-5078,24.0,47.31259542460355,False,
0,21,STARLINK-5078,24.0,65.05147861712929,False,
0,22,STARLINK-5078,24.0,34.87203109138983,False,
30,20,STARLINK-31996,15.0,54.98549843394598,False,
30,21,STARLINK-31996,15.0,83.67734861479452,False,
30,22,STARLINK-31996,15.0,43.50852607204806,False,
1,20,STARLINK-2523,18.0,39.93497475938201,False,
1,21,STARLINK-2523,18.0,25.519365023578587,False,
1,22,STARLINK-2523,18.0,6.284047552843686,False,
3,20,STARLINK-2523,12.0,27.894542715173962,False,
3,21,STARLINK-2523,12.0,15.883279581568512,False,
3,22,STARLINK-2523,12.0,7.191632541481433,False,
42,20,STARLINK-5311,24.0,21.599216392007605,False,
42,21,STARLINK-5311,24.0,37.39244975016985,False,
42,22,STARLINK-5311,24.0,21.350821252266535,False,
43,20,STARLINK-3752,0.0,62.253770826157165,False,
43,21,STARLINK-3752,0.0,8.236429776206004,False,
43,22,STARLINK-3752,0.0,16.278594481212135,False,
96,21,,,0.0,True,no_feasible_W_or_conflict
98,21,,,0.0,True,no_feasible_W_or_conflict
99,21,,,0.0,True,no_feasible_W_or_conflict
34,21,,,0.0,True,no_feasible_W_or_conflict
53,21,,,0.0,True,no_feasible_W_or_conflict
97,21,STARLINK-5158,13.0,157.48193888273119,False,
84,21,STARLINK-5311,13.0,77.786528618591,False,
84,22,STARLINK-5311,13.0,22.042665719774227,False,
61,21,STARLINK-5311,23.0,141.63878876158344,False,
61,22,STARLINK-5311,23.0,60.75834379316821,False,
61,23,STARLINK-5311,23.0,68.89157176793931,False,
85,21,STARLINK-31996,13.0,82.9552584404659,False,
85,22,STARLINK-31996,13.0,54.26843468236297,False,
85,23,STARLINK-31996,13.0,37.814065859346,False,
86,21,STARLINK-31996,23.0,106.51253667371917,False,
86,22,STARLINK-31996,23.0,101.6788063408928,False,
86,23,STARLINK-31996,23.0,49.41230705537141,False,
60,21,STARLINK-31996,1.0,156.31632742249462,False,
60,22,STARLINK-31996,1.0,140.9884858906611,False,
60,23,STARLINK-31996,1.0,78.29706124647602,False,
62,21,STARLINK-31996,5.0,113.84618928888418,False,
62,22,STARLINK-31996,5.0,151.26631676257355,False,
62,23,STARLINK-31996,5.0,149.83133424038317,False,
83,21,STARLINK-31996,22.0,107.64496712168109,False,
83,22,STARLINK-31996,22.0,116.45921822257641,False,
83,23,STARLINK-31996,22.0,58.87749704115334,False,
27,21,STARLINK-31996,17.0,93.59549938325422,False,
27,22,STARLINK-31996,17.0,60.76108837629665,False,
27,23,STARLINK-31996,17.0,27.67090602723628,False,
26,21,STARLINK-31996,6.0,90.46177635354726,False,
26,22,STARLINK-31996,6.0,98.60341763141237,False,
26,23,STARLINK-31996,6.0,58.87747590713852,False,
63,21,STARLINK-5158,14.0,56.678768974135565,False,
63,22,STARLINK-5158,14.0,57.64298378568791,False,
63,23,STARLINK-5158,14.0,88.95445910563056,False,
25,21,STARLINK-5078,1.0,37.958983003379224,False,
25,22,STARLINK-5078,1.0,26.865501680151016,False,
25,23,STARLINK-5078,1.0,50.96348352201424,False,
24,21,STARLINK-5311,14.0,46.90573451243879,False,
24,22,STARLINK-5311,14.0,10.682184838953223,False,
24,23,STARLINK-5311,14.0,33.05803134164174,False,
80,21,STARLINK-5311,21.0,68.64153676452801,False,
80,22,STARLINK-5311,21.0,102.61943674182857,False,
80,23,STARLINK-5311,21.0,135.6669406524436,False,
82,21,STARLINK-5311,5.0,29.59601097233298,False,
82,22,STARLINK-5311,5.0,22.14485829870335,False,
82,23,STARLINK-5311,5.0,55.07120322613732,False,
81,21,STARLINK-5311,4.0,62.913445949824975,False,
81,22,STARLINK-5311,4.0,60.7588984677577,False,
81,23,STARLINK-5311,4.0,37.64542814897044,False,
75,22,,,0.0,True,no_feasible_W_or_conflict
97,22,STARLINK-5158,13.0,67.00698802238604,False,
66,22,STARLINK-32199,2.0,117.2809705160519,False,
66,23,STARLINK-32199,2.0,44.86504863191232,False,
66,24,STARLINK-32199,2.0,22.48812575418872,False,
67,22,STARLINK-30334,21.0,152.67574139710374,False,
67,23,STARLINK-30334,21.0,184.46749443742524,False,
67,24,STARLINK-30334,21.0,43.50144020743136,False,
64,22,STARLINK-30334,9.0,108.8751676800112,False,
64,23,STARLINK-30334,9.0,128.61868379774208,False,
64,24,STARLINK-30334,9.0,24.572824987262177,False,
51,22,STARLINK-30334,22.0,87.0792813895599,False,
51,23,STARLINK-30334,22.0,173.31184028450292,False,
51,24,STARLINK-30334,22.0,191.28406669902992,False,
49,22,STARLINK-30334,3.0,73.87565026320182,False,
49,23,STARLINK-30334,3.0,138.5474653105413,False,
49,24,STARLINK-30334,3.0,33.19424093849167,False,
48,22,STARLINK-30334,12.0,71.03042591909349,False,
48,23,STARLINK-30334,12.0,165.46702144113792,False,
48,24,STARLINK-30334,12.0,191.29648969899628,False,
65,22,STARLINK-30334,5.0,68.88334044875153,False,
65,23,STARLINK-30334,5.0,132.97980874574228,False,
65,24,STARLINK-30334,5.0,43.50090705345937,False,
50,22,STARLINK-30334,1.0,65.02855227489677,False,
50,23,STARLINK-30334,1.0,106.67977778078365,False,
50,24,STARLINK-30334,1.0,130.23731673973984,False,
72,23,,,0.0,True,no_feasible_W_or_conflict
97,23,STARLINK-5158,13.0,79.46017158486825,False,
84,23,STARLINK-5311,13.0,30.9160838813534,False,
74,23,STARLINK-5078,0.0,160.02576694683438,False,
73,23,STARLINK-5078,24.0,160.02549100204772,False,
31,23,STARLINK-30552,0.0,72.06596118966941,False,
31,24,STARLINK-30552,0.0,43.32750865742068,False,
28,23,STARLINK-30552,24.0,72.0659184842824,False,
28,24,STARLINK-30552,24.0,194.26821281902428,False,
0,23,STARLINK-33846,19.0,161.84262673226172,False,
0,24,STARLINK-33846,19.0,198.23895361332515,False,
0,25,STARLINK-33846,19.0,288.2789446111071,False,
30,23,STARLINK-33846,0.0,39.67299059206808,False,
30,24,STARLINK-33846,0.0,32.614778422288836,False,
30,25,STARLINK-33846,0.0,89.69937817321967,False,
29,23,STARLINK-33846,24.0,39.67297626618629,False,
29,24,STARLINK-33846,24.0,70.97179817856451,False,
29,25,STARLINK-33846,24.0,113.5627406194989,False,
16,23,STARLINK-30552,11.0,64.55882530168785,False,
16,24,STARLINK-30552,11.0,194.26443447176678,False,
16,25,STARLINK-30552,11.0,218.84501107016217,False,
2,23,STARLINK-30552,7.0,54.53355230144319,False,
2,24,STARLINK-30552,7.0,39.77639985685035,False,
2,25,STARLINK-30552,7.0,104.69734523642494,False,
1,23,STARLINK-30552,23.0,53.361039140645765,False,
1,24,STARLINK-30552,23.0,44.659288628446184,False,
1,25,STARLINK-30552,23.0,117.7345052738592,False,
3,23,STARLINK-30552,20.0,48.00058686895369,False,
3,24,STARLINK-30552,20.0,66.96634203876414,False,
3,25,STARLINK-30552,20.0,44.12105544236792,False,
40,23,STARLINK-30552,18.0,47.85056598280434,False,
40,24,STARLINK-30552,18.0,85.2079134908967,False,
40,25,STARLINK-30552,18.0,111.30428154937086,False,
42,23,STARLINK-30334,8.0,302.70474070862053,False,
42,24,STARLINK-30334,8.0,42.19611574607463,False,
42,25,STARLINK-30334,8.0,50.25850996117272,False,
18,23,STARLINK-30334,18.0,93.60084759034625,False,
18,24,STARLINK-30334,18.0,47.2421475908214,False,
18,25,STARLINK-30334,18.0,23.758582428357013,False,
41,23,STARLINK-32199,8.0,16.548200677946937,False,
41,24,STARLINK-32199,8.0,22.68903134383013,False,
41,25,STARLINK-32199,8.0,40.46330488657102,False,
43,23,STARLINK-33914,15.0,62.92329842283182,False,
43,24,STARLINK-33914,15.0,71.79299122085914,False,
43,25,STARLINK-33914,15.0,180.99328041003753,False,
19,23,STARLINK-33914,7.0,25.369122919446237,False,
19,24,STARLINK-33914,7.0,23.94824799420514,False,
19,25,STARLINK-33914,7.0,100.8607214832828,False,
17,23,STARLINK-33846,11.0,37.04117276094769,False,
17,24,STARLINK-33846,11.0,70.97140219881888,False,
17,25,STARLINK-33846,11.0,113.56466620504236,False,
73,24,,,0.0,True,no_feasible_W_or_conflict
97,24,,,0.0,True,no_feasible_W_or_conflict
74,24,,,0.0,True,no_feasible_W_or_conflict
84,24,,,0.0,True,no_feasible_W_or_conflict
85,24,STARLINK-5311,13.0,257.0518444153831,False,
86,24,STARLINK-30603,6.0,261.2855375748082,False,
61,24,STARLINK-30552,13.0,44.66003896547626,False,
61,25,STARLINK-30552,13.0,117.73075609285613,False,
61,26,STARLINK-30552,13.0,44.94358027361257,False,
62,24,STARLINK-33832,13.0,28.524388746755207,False,
62,25,STARLINK-33832,13.0,22.087354055309063,False,
62,26,STARLINK-33832,13.0,6.240261144589429,False,
25,24,STARLINK-33832,21.0,63.257780043656545,False,
25,25,STARLINK-33832,21.0,54.53659723434644,False,
25,26,STARLINK-33832,21.0,75.24145710217486,False,
60,24,STARLINK-33832,5.0,63.25651342271984,False,
60,25,STARLINK-33832,5.0,54.529224140483066,False,
60,26,STARLINK-33832,5.0,75.24172402020886,False,
63,24,STARLINK-33832,22.0,63.256098606515096,False,
63,25,STARLINK-33832,22.0,54.53659723434644,False,
63,26,STARLINK-33832,22.0,75.24172402020886,False,
27,24,STARLINK-33832,23.0,62.012104816736695,False,
27,25,STARLINK-33832,23.0,28.51983886684154,False,
27,26,STARLINK-33832,23.0,6.240282502921264,False,
24,24,STARLINK-33832,15.0,47.686676157266675,False,
24,25,STARLINK-33832,15.0,12.202021043586,False,
24,26,STARLINK-33832,15.0,12.795939732755194,False,
82,24,STARLINK-33832,16.0,43.34663402619308,False,
82,25,STARLINK-33832,16.0,16.322059047843894,False,
82,26,STARLINK-33832,16.0,4.661654812647545,False,
26,24,STARLINK-32199,12.0,52.36868934314735,False,
26,25,STARLINK-32199,12.0,38.76063836745983,False,
26,26,STARLINK-32199,12.0,27.00830726930154,False,
80,24,STARLINK-32199,23.0,32.651839195648186,False,
80,25,STARLINK-32199,23.0,29.53609855950811,False,
80,26,STARLINK-32199,23.0,21.29952238885303,False,
6,24,STARLINK-30552,14.0,85.20425330819945,False,
6,25,STARLINK-30552,14.0,71.25284403902019,False,
6,26,STARLINK-30552,14.0,67.1916341672543,False,
83,24,STARLINK-30552,12.0,49.13436835826356,False,
83,25,STARLINK-30552,12.0,57.745426147479236,False,
83,26,STARLINK-30552,12.0,31.56738110591422,False,
81,24,STARLINK-30552,17.0,66.96840165370938,False,
81,25,STARLINK-30552,17.0,44.12142539545843,False,
81,26,STARLINK-30552,17.0,100.7959709420578,False,
7,24,STARLINK-33846,1.0,63.159737627629056,False,
7,25,STARLINK-33846,1.0,176.3583345125563,False,
7,26,STARLINK-33846,1.0,154.80645905825892,False,
5,24,STARLINK-33846,10.0,50.18493412514065,False,
5,25,STARLINK-33846,10.0,92.02448010145486,False,
5,26,STARLINK-33846,10.0,29.041761998608795,False,
4,24,STARLINK-33846,16.0,36.660082234341544,False,
4,25,STARLINK-33846,16.0,67.06889087012053,False,
4,26,STARLINK-33846,16.0,13.253956186136786,False,
28,25,STARLINK-30552,24.0,44.12090588783684,False,
31,25,STARLINK-30552,0.0,36.97738655492858,False,
85,25,STARLINK-5311,13.0,26.398606698016383,False,
86,25,STARLINK-30603,6.0,60.1350378751189,False,
66,25,STARLINK-30545,21.0,85.37321369174447,False,
66,26,STARLINK-30545,21.0,88.60335517240345,False,
65,25,STARLINK-30545,22.0,85.37321369174447,False,
65,26,STARLINK-30545,22.0,88.60351078885687,False,
65,27,STARLINK-30545,22.0,9.80767306913015,False,
64,25,STARLINK-30545,5.0,85.36217947085093,False,
64,26,STARLINK-30545,5.0,88.60351078885687,False,
64,27,STARLINK-30545,5.0,12.157477237116138,False,
67,25,STARLINK-33846,21.0,121.1646533207771,False,
67,26,STARLINK-33846,21.0,60.10348598212836,False,
50,25,STARLINK-30545,9.0,48.4302259166609,False,
50,26,STARLINK-30545,9.0,134.8284918985537,False,
50,27,STARLINK-30545,9.0,81.9895417372428,False,
51,25,STARLINK-30545,23.0,28.95129286578719,False,
51,26,STARLINK-30545,23.0,11.577391878265168,False,
51,27,STARLINK-30545,23.0,6.687473580017326,False,
92,25,STARLINK-30545,19.0,26.520324525849432,False,
92,26,STARLINK-30545,19.0,52.742829377830724,False,
92,27,STARLINK-30545,19.0,14.723572629740938,False,
93,25,STARLINK-33846,22.0,121.1646533207771,False,
93,26,STARLINK-33846,22.0,60.103540684423805,False,
93,27,STARLINK-33846,22.0,48.32630364708544,False,
48,25,STARLINK-33846,9.0,91.91404505795721,False,
48,26,STARLINK-33846,9.0,72.77142152707899,False,
48,27,STARLINK-33846,9.0,166.89065435152926,False,
49,25,STARLINK-33846,2.0,89.70057811058463,False,
49,26,STARLINK-33846,2.0,42.560143054978205,False,
49,27,STARLINK-33846,2.0,139.3219812690693,False,
94,25,STARLINK-33846,18.0,79.57760899859122,False,
94,26,STARLINK-33846,18.0,15.192262951033548,False,
94,27,STARLINK-33846,18.0,63.35355928026584,False,
95,25,STARLINK-30552,22.0,32.89545554926682,False,
95,26,STARLINK-30552,22.0,65.67960680174002,False,
95,27,STARLINK-30552,22.0,10.386181990748875,False,
85,26,,,0.0,True,no_feasible_W_or_conflict
86,26,,,0.0,True,no_feasible_W_or_conflict
28,26,,,0.0,True,no_feasible_W_or_conflict
29,26,,,0.0,True,no_feasible_W_or_conflict
30,26,,,0.0,True,no_feasible_W_or_conflict
31,26,,,0.0,True,no_feasible_W_or_conflict
0,26,STARLINK-31483,0.0,278.90342428315313,False,
0,27,STARLINK-31483,0.0,64.96803481291481,False,
40,26,STARLINK-31483,8.0,278.86276697910057,False,
40,27,STARLINK-31483,8.0,182.50291653025465,False,
40,28,STARLINK-31483,8.0,193.79109189608505,False,
1,26,STARLINK-31483,7.0,278.86248468515674,False,
1,27,STARLINK-31483,7.0,182.50291653025465,False,
3,26,STARLINK-31379,11.0,168.35425733227095,False,
3,27,STARLINK-31379,11.0,121.99600148260801,False,
2,26,STARLINK-31379,0.0,29.7847314819894,False,
2,27,STARLINK-31379,0.0,21.940479087178367,False,
2,28,STARLINK-31379,0.0,15.019483393240739,False,
15,26,STARLINK-31483,6.0,164.91369721361806,False,
15,27,STARLINK-31483,6.0,56.281144671870585,False,
15,28,STARLINK-31483,6.0,97.77907578593097,False,
42,26,STARLINK-31483,24.0,140.3558522961287,False,
42,27,STARLINK-31483,24.0,98.19754044370043,False,
42,28,STARLINK-31483,24.0,60.72013217785389,False,
43,26,STARLINK-31483,3.0,140.35522091493544,False,
43,27,STARLINK-31483,3.0,50.77570113612618,False,
43,28,STARLINK-31483,3.0,39.923576748492835,False,
12,26,STARLINK-31483,9.0,114.19327117435908,False,
12,27,STARLINK-31483,9.0,42.63642406692666,False,
12,28,STARLINK-31483,9.0,75.23727297717559,False,
13,26,STARLINK-31483,21.0,104.19915350590985,False,
13,27,STARLINK-31483,21.0,23.678800778971816,False,
13,28,STARLINK-31483,21.0,75.23738463520725,False,
16,26,STARLINK-31483,2.0,86.40934862910868,False,
16,27,STARLINK-31483,2.0,39.634795074579685,False,
16,28,STARLINK-31483,2.0,193.79109189608505,False,
14,26,STARLINK-31379,19.0,81.49712455327094,False,
14,27,STARLINK-31379,19.0,75.46681847167349,False,
14,28,STARLINK-31379,19.0,47.24295426675297,False,
41,26,STARLINK-31379,6.0,25.367672211501443,False,
41,27,STARLINK-31379,6.0,19.855043309697756,False,
41,28,STARLINK-31379,6.0,13.420499281856568,False,
19,26,STARLINK-31379,20.0,71.78761122898857,False,
19,27,STARLINK-31379,20.0,25.471747339040835,False,
19,28,STARLINK-31379,20.0,76.54696189427851,False,
17,26,STARLINK-31379,1.0,71.77866537500374,False,
17,27,STARLINK-31379,1.0,19.942408292290864,False,
17,28,STARLINK-31379,1.0,13.406523203507428,False,
18,26,STARLINK-31379,9.0,21.33848980356604,False,
18,27,STARLINK-31379,9.0,16.153886748572255,False,
18,28,STARLINK-31379,9.0,11.352184541634095,False,
61,27,,,0.0,True,no_feasible_W_or_conflict
62,27,,,0.0,True,no_feasible_W_or_conflict
66,27,STARLINK-30545,21.0,22.273727571327235,False,
67,27,STARLINK-33846,21.0,86.74027684630182,False,
63,27,STARLINK-33832,5.0,187.73115807848987,False,
60,27,STARLINK-33832,15.0,156.75801900317114,False,
25,27,STARLINK-6211,5.0,38.58549431537228,False,
25,28,STARLINK-6211,5.0,30.04293354342538,False,
24,27,STARLINK-6211,15.0,36.08804230607912,False,
24,28,STARLINK-6211,15.0,16.571003907596328,False,
24,29,STARLINK-6211,15.0,22.24416825128337,False,
26,27,STARLINK-4279,5.0,17.394673527828587,False,
26,28,STARLINK-4279,5.0,54.98872673183552,False,
26,29,STARLINK-4279,5.0,63.78294463068778,False,
27,27,STARLINK-4279,15.0,16.501484938802054,False,
27,28,STARLINK-4279,15.0,35.16375229268454,False,
80,27,STARLINK-4279,11.0,68.93493286799885,False,
80,28,STARLINK-4279,11.0,75.93048299374449,False,
80,29,STARLINK-4279,11.0,40.03184604550642,False,
82,27,STARLINK-4279,19.0,54.324056756468174,False,
82,28,STARLINK-4279,19.0,98.161525858157,False,
82,29,STARLINK-4279,19.0,86.33552639535543,False,
7,27,STARLINK-4279,7.0,45.54607255361013,False,
7,28,STARLINK-4279,7.0,61.29350770892493,False,
7,29,STARLINK-4279,7.0,246.06455670285692,False,
4,27,STARLINK-4279,24.0,34.55090577793341,False,
4,28,STARLINK-4279,24.0,34.842944218356585,False,
4,29,STARLINK-4279,24.0,108.12875124350487,False,
6,27,STARLINK-6211,13.0,52.03463543356644,False,
6,28,STARLINK-6211,13.0,16.603005668996314,False,
6,29,STARLINK-6211,13.0,17.402519516839746,False,
83,27,STARLINK-6211,4.0,49.85503037037793,False,
83,28,STARLINK-6211,4.0,101.5485337788636,False,
83,29,STARLINK-6211,4.0,99.69625676866283,False,
81,27,STARLINK-6211,17.0,49.85489898308269,False,
81,28,STARLINK-6211,17.0,18.330165517586433,False,
81,29,STARLINK-6211,17.0,37.16071256165366,False,
89,27,STARLINK-6211,23.0,46.655716651853794,False,
89,28,STARLINK-6211,23.0,15.261549362872724,False,
89,29,STARLINK-6211,23.0,9.707912899331365,False,
90,27,STARLINK-6211,20.0,41.54557121790385,False,
90,28,STARLINK-6211,20.0,63.04036360776668,False,
90,29,STARLINK-6211,20.0,35.215906766583,False,
5,27,STARLINK-6211,21.0,32.799468983180965,False,
5,28,STARLINK-6211,21.0,16.623840089503293,False,
5,29,STARLINK-6211,21.0,16.902934136499766,False,
91,27,STARLINK-6211,22.0,32.10920833196825,False,
91,28,STARLINK-6211,22.0,10.434507178872288,False,
91,29,STARLINK-6211,22.0,5.529505693092924,False,
88,27,STARLINK-6211,2.0,31.103912491023088,False,
88,28,STARLINK-6211,2.0,26.96044682666269,False,
88,29,STARLINK-6211,2.0,99.69836398241611,False,
64,28,,,0.0,True,no_feasible_W_or_conflict
66,28,,,0.0,True,no_feasible_W_or_conflict
67,28,,,0.0,True,no_feasible_W_or_conflict
60,28,,,0.0,True,no_feasible_W_or_conflict
63,28,,,0.0,True,no_feasible_W_or_conflict
0,28,STARLINK-31483,0.0,96.18313984090872,False,
1,28,STARLINK-31483,7.0,75.09472712918381,False,
3,28,STARLINK-31379,11.0,14.854288093092128,False,
65,28,STARLINK-3749,10.0,159.55860131298556,False,
50,28,STARLINK-3749,20.0,132.30661827146153,False,
50,29,STARLINK-3749,20.0,46.847617559367634,False,
94,28,STARLINK-3749,8.0,98.22793303956563,False,
94,29,STARLINK-3749,8.0,148.24040037835218,False,
94,30,STARLINK-3749,8.0,140.13777676958767,False,
48,28,STARLINK-3749,19.0,94.24939865895423,False,
48,29,STARLINK-3749,19.0,24.052980509954462,False,
48,30,STARLINK-3749,19.0,33.47802786902093,False,
78,28,STARLINK-3749,2.0,83.55585148597797,False,
78,29,STARLINK-3749,2.0,85.7027489575897,False,
78,30,STARLINK-3749,2.0,53.44107038167996,False,
92,28,STARLINK-32191,8.0,34.38492819133,False,
92,29,STARLINK-32191,8.0,26.830133605284505,False,
92,30,STARLINK-32191,8.0,220.59919171014198,False,
79,28,STARLINK-32191,19.0,33.605273718027334,False,
79,29,STARLINK-32191,19.0,7.601271373893218,False,
79,30,STARLINK-32191,19.0,129.21891445760087,False,
49,28,STARLINK-32191,2.0,31.34188870220742,False,
49,29,STARLINK-32191,2.0,20.044289181641343,False,
49,30,STARLINK-32191,2.0,161.08105783528012,False,
77,28,STARLINK-32191,0.0,51.69372092565682,False,
77,29,STARLINK-32191,0.0,19.227559673112395,False,
77,30,STARLINK-32191,0.0,203.41408731105727,False,
76,28,STARLINK-32191,11.0,51.26349016077466,False,
76,29,STARLINK-32191,11.0,4.224959540386143,False,
76,30,STARLINK-32191,11.0,83.51121365480962,False,
51,28,STARLINK-2606,4.0,90.8040401885822,False,
51,29,STARLINK-2606,4.0,128.74067302968584,False,
51,30,STARLINK-2606,4.0,26.77194732442203,False,
93,28,STARLINK-2606,8.0,18.169967054384173,False,
93,29,STARLINK-2606,8.0,83.82781151730056,False,
93,30,STARLINK-2606,8.0,5.200566725003558,False,
95,28,STARLINK-2606,14.0,47.82231343289339,False,
95,29,STARLINK-2606,14.0,37.20690424341361,False,
95,30,STARLINK-2606,14.0,5.210084483741505,False,
0,29,,,0.0,True,no_feasible_W_or_conflict
1,29,,,0.0,True,no_feasible_W_or_conflict
2,29,,,0.0,True,no_feasible_W_or_conflict
3,29,,,0.0,True,no_feasible_W_or_conflict
25,29,STARLINK-6211,5.0,11.335104409445893,False,
27,29,STARLINK-4279,15.0,77.041919239531,False,
65,29,STARLINK-3749,10.0,59.23210092981349,False,
40,29,STARLINK-5287,0.0,191.26521787034548,False,
40,30,STARLINK-5287,0.0,45.23500695012518,False,
42,29,STARLINK-5287,20.0,154.78913361460621,False,
42,30,STARLINK-5287,20.0,79.99741490723584,False,
16,29,STARLINK-5287,6.0,151.13711734499984,False,
16,30,STARLINK-5287,6.0,65.59038459920681,False,
16,31,STARLINK-5287,6.0,191.82206069399635,False,
43,29,STARLINK-5287,9.0,141.27145088203997,False,
43,30,STARLINK-5287,9.0,215.75182466091562,False,
43,31,STARLINK-5287,9.0,127.03577789586328,False,
18,29,STARLINK-5287,2.0,140.37774370730656,False,
18,30,STARLINK-5287,2.0,41.74735212255246,False,
18,31,STARLINK-5287,2.0,44.55094056960583,False,
41,29,STARLINK-5287,3.0,125.369102308752,False,
41,30,STARLINK-5287,3.0,36.74036018598208,False,
41,31,STARLINK-5287,3.0,21.40419791117628,False,
15,29,STARLINK-5287,7.0,113.35078474208288,False,
15,30,STARLINK-5287,7.0,110.17477796843309,False,
15,31,STARLINK-5287,7.0,191.82206069399635,False,
14,29,STARLINK-30535,16.0,93.60379220981739,False,
14,30,STARLINK-30535,16.0,65.79326303010559,False,
14,31,STARLINK-30535,16.0,212.40875760093593,False,
17,29,STARLINK-30535,17.0,77.77519127403042,False,
17,30,STARLINK-30535,17.0,101.20964998281208,False,
17,31,STARLINK-30535,17.0,94.61977448475177,False,
19,29,STARLINK-30535,6.0,25.620902037063257,False,
19,30,STARLINK-30535,6.0,34.27467097402934,False,
19,31,STARLINK-30535,6.0,80.31788777013492,False,
12,29,STARLINK-30535,9.0,24.860212279491936,False,
12,30,STARLINK-30535,9.0,59.505104262720835,False,
12,31,STARLINK-30535,9.0,69.63340448808313,False,
13,29,STARLINK-2606,16.0,51.60561884463582,False,
13,30,STARLINK-2606,16.0,5.726560865983798,False,
13,31,STARLINK-2606,16.0,19.01778789975877,False,
25,30,,,0.0,True,no_feasible_W_or_conflict
26,30,,,0.0,True,no_feasible_W_or_conflict
27,30,,,0.0,True,no_feasible_W_or_conflict
65,30,STARLINK-3749,10.0,26.82982656723183,False,
50,30,STARLINK-3749,20.0,14.972098585333763,False,
24,30,STARLINK-30545,4.0,210.67437366610733,False,
80,30,STARLINK-30991,4.0,38.44231429316557,False,
80,31,STARLINK-30991,4.0,90.25408383463449,False,
82,30,STARLINK-30991,5.0,143.01308682562592,False,
82,31,STARLINK-30991,5.0,154.20648694525738,False,
83,30,STARLINK-5176,4.0,28.4417554155434,False,
83,31,STARLINK-5176,4.0,52.706327161677194,False,
89,30,STARLINK-30535,21.0,96.10829506312557,False,
89,31,STARLINK-30535,21.0,87.21902461904936,False,
89,32,STARLINK-30535,21.0,53.37589500612816,False,
81,30,STARLINK-30535,18.0,94.83403586778974,False,
81,31,STARLINK-30535,18.0,212.40917787493999,False,
81,32,STARLINK-30535,18.0,225.90563399944287,False,
91,30,STARLINK-30535,13.0,94.83341934922306,False,
91,31,STARLINK-30535,13.0,131.34815407183652,False,
91,32,STARLINK-30535,13.0,38.734138291038384,False,
4,30,STARLINK-30535,5.0,94.46135656488205,False,
4,31,STARLINK-30535,5.0,58.109635812882466,False,
4,32,STARLINK-30535,5.0,94.38222947781858,False,
5,30,STARLINK-30535,1.0,86.1178399816378,False,
5,31,STARLINK-30535,1.0,144.24915757674253,False,
5,32,STARLINK-30535,1.0,162.34022588408928,False,
90,30,STARLINK-30535,15.0,84.34722375821144,False,
90,31,STARLINK-30535,15.0,47.011411274797624,False,
90,32,STARLINK-30535,15.0,86.05628737429275,False,
88,30,STARLINK-33558,18.0,30.552429143407622,False,
88,31,STARLINK-33558,18.0,39.42421551581679,False,
88,32,STARLINK-33558,18.0,90.0450428642634,False,
7,30,STARLINK-33558,13.0,30.552316620655695,False,
7,31,STARLINK-33558,13.0,32.8199882436015,False,
7,32,STARLINK-33558,13.0,38.202559743517654,False,
6,30,STARLINK-33558,5.0,30.48428043010587,False,
6,31,STARLINK-33558,5.0,20.21902332419582,False,
6,32,STARLINK-33558,5.0,65.817877108583,False,
24,31,,,0.0,True,no_feasible_W_or_conflict
65,31,,,0.0,True,no_feasible_W_or_conflict
50,31,,,0.0,True,no_feasible_W_or_conflict
40,31,STARLINK-5287,0.0,115.493446895812,False,
42,31,STARLINK-5287,20.0,90.88462836437726,False,
48,31,STARLINK-5176,8.0,230.49411953149811,False,
49,31,STARLINK-30991,8.0,68.48387686451797,False,
51,31,STARLINK-31380,19.0,207.5919130420197,False,
94,31,STARLINK-5176,7.0,91.43376262155438,False,
94,32,STARLINK-5176,7.0,20.35202028762292,False,
94,33,STARLINK-5176,7.0,60.02031250279636,False,
92,31,STARLINK-5176,11.0,91.43376262155438,False,
92,32,STARLINK-5176,11.0,39.965948702795366,False,
92,33,STARLINK-5176,11.0,86.66057350592638,False,
76,31,STARLINK-5176,1.0,71.45721434841411,False,
76,32,STARLINK-5176,1.0,27.69268157407509,False,
76,33,STARLINK-5176,1.0,104.11501973180462,False,
78,31,STARLINK-5176,20.0,68.65323585185372,False,
78,32,STARLINK-5176,20.0,17.13383829248441,False,
78,33,STARLINK-5176,20.0,38.89261146411904,False,
79,31,STARLINK-5176,2.0,66.38030420787895,False,
79,32,STARLINK-5176,2.0,39.944135453804876,False,
79,33,STARLINK-5176,2.0,86.66052145188957,False,
93,31,STARLINK-30991,24.0,127.1322893839681,False,
93,32,STARLINK-30991,24.0,22.745727936269013,False,
93,33,STARLINK-30991,24.0,37.66374333914658,False,
95,31,STARLINK-30991,12.0,80.89929611250369,False,
95,32,STARLINK-30991,12.0,39.42392373623114,False,
95,33,STARLINK-30991,12.0,51.58785948629189,False,
77,31,STARLINK-30300,11.0,32.98913942271366,False,
77,32,STARLINK-30300,11.0,27.673141142105617,False,
77,33,STARLINK-30300,11.0,199.42352836581725,False,
40,32,,,0.0,True,no_feasible_W_or_conflict
41,32,,,0.0,True,no_feasible_W_or_conflict
42,32,,,0.0,True,no_feasible_W_or_conflict
43,32,,,0.0,True,no_feasible_W_or_conflict
51,32,,,0.0,True,no_feasible_W_or_conflict
48,32,STARLINK-5176,8.0,133.62582051915132,False,
83,32,STARLINK-5176,4.0,31.15568897348961,False,
49,32,STARLINK-30991,8.0,73.43121705067014,False,
80,32,STARLINK-30991,4.0,30.881974133320334,False,
82,32,STARLINK-30991,5.0,18.362276582308066,False,
16,32,STARLINK-33856,6.0,223.812828232254,False,
16,33,STARLINK-33856,6.0,195.1544375334522,False,
16,34,STARLINK-33856,6.0,238.07070065163754,False,
19,32,STARLINK-5195,16.0,257.26204128403356,False,
19,33,STARLINK-5195,16.0,127.39178062648661,False,
19,34,STARLINK-5195,16.0,107.68115122378038,False,
17,32,STARLINK-5195,9.0,190.32178347048782,False,
17,33,STARLINK-5195,9.0,127.39915841839121,False,
17,34,STARLINK-5195,9.0,107.68115122378038,False,
13,32,STARLINK-30985,2.0,138.58965007652037,False,
13,33,STARLINK-30985,2.0,98.49604648369306,False,
13,34,STARLINK-30985,2.0,57.09132332741122,False,
14,32,STARLINK-30985,14.0,124.14843475634243,False,
14,33,STARLINK-30985,14.0,118.08612536342802,False,
14,34,STARLINK-30985,14.0,42.236571126674924,False,
18,32,STARLINK-30985,10.0,124.14831783853501,False,
18,33,STARLINK-30985,10.0,70.94659505371916,False,
18,34,STARLINK-30985,10.0,21.20000845774075,False,
15,32,STARLINK-33760,16.0,57.857781460394875,False,
15,33,STARLINK-33760,16.0,69.6425283821715,False,
15,34,STARLINK-33760,16.0,59.51614479946315,False,
12,32,STARLINK-33760,2.0,52.13456608837383,False,
12,33,STARLINK-33760,2.0,20.881763165561182,False,
12,34,STARLINK-33760,2.0,46.53099032531275,False,
80,33,,,0.0,True,no_feasible_W_or_conflict
81,33,,,0.0,True,no_feasible_W_or_conflict
82,33,,,0.0,True,no_feasible_W_or_conflict
83,33,,,0.0,True,no_feasible_W_or_conflict
48,33,STARLINK-5176,8.0,67.82521075243004,False,
49,33,STARLINK-30991,8.0,31.272796022526993,False,
4,33,STARLINK-30300,9.0,301.99460086382635,False,
4,34,STARLINK-30300,9.0,55.668609225950625,False,
7,33,STARLINK-30300,4.0,286.2029679033723,False,
7,34,STARLINK-30300,4.0,52.81647306875268,False,
6,33,STARLINK-30300,15.0,241.88940672851035,False,
6,34,STARLINK-30300,15.0,64.46899765208263,False,
5,33,STARLINK-33856,5.0,195.15412384830603,False,
5,34,STARLINK-33856,5.0,238.09696422518473,False,
5,35,STARLINK-33856,5.0,42.31107072723735,False,
91,33,STARLINK-30984,18.0,195.85760478380033,False,
91,34,STARLINK-30984,18.0,177.00180179871353,False,
91,35,STARLINK-30984,18.0,74.78861262872613,False,
89,33,STARLINK-30984,5.0,69.22447555318455,False,
89,34,STARLINK-30984,5.0,43.82361556074622,False,
89,35,STARLINK-30984,5.0,13.46365314154998,False,
90,33,STARLINK-30985,4.0,18.428641885864273,False,
90,34,STARLINK-30985,4.0,31.529959674869463,False,
90,35,STARLINK-30985,4.0,26.372204100790547,False,
88,33,STARLINK-33760,18.0,43.49530201079649,False,
88,34,STARLINK-33760,18.0,36.34130365258283,False,
88,35,STARLINK-33760,18.0,101.21742034496314,False,
48,34,,,0.0,True,no_feasible_W_or_conflict
49,34,,,0.0,True,no_feasible_W_or_conflict
94,34,STARLINK-33856,11.0,238.10882636425998,False,
94,35,STARLINK-33856,11.0,136.44511557638822,False,
93,34,STARLINK-33856,21.0,238.10864797053756,False,
93,35,STARLINK-33856,21.0,136.4474174328294,False,
93,36,STARLINK-33856,21.0,87.70518322185143,False,
92,34,STARLINK-33856,3.0,238.10678547861204,False,
92,35,STARLINK-33856,3.0,136.4474174328294,False,
92,36,STARLINK-33856,3.0,87.70523777688197,False,
95,34,STARLINK-30984,1.0,177.00180179871353,False,
95,35,STARLINK-30984,1.0,74.76469194858467,False,
95,36,STARLINK-30984,1.0,153.52799210431823,False,
77,34,STARLINK-33856,15.0,121.52265735066948,False,
77,35,STARLINK-33856,15.0,136.44484385545178,False,
77,36,STARLINK-33856,15.0,87.70479266553235,False,
78,34,STARLINK-33856,2.0,114.23375876943665,False,
78,35,STARLINK-33856,2.0,45.90786214067503,False,
78,36,STARLINK-33856,2.0,30.930701757863233,False,
79,34,STARLINK-33856,8.0,104.93248336516174,False,
79,35,STARLINK-33856,8.0,90.0903514582634,False,
79,36,STARLINK-33856,8.0,30.358072500075,False,
76,34,STARLINK-30985,1.0,29.464741409168486,False,
76,35,STARLINK-30985,1.0,46.38148220595512,False,
76,36,STARLINK-30985,1.0,62.228331387246655,False,
4,35,,,0.0,True,no_feasible_W_or_conflict
6,35,,,0.0,True,no_feasible_W_or_conflict
7,35,,,0.0,True,no_feasible_W_or_conflict
16,35,,,0.0,True,no_feasible_W_or_conflict
17,35,,,0.0,True,no_feasible_W_or_conflict
19,35,,,0.0,True,no_feasible_W_or_conflict
18,35,STARLINK-33760,16.0,150.48669719088844,False,
13,35,STARLINK-34078,16.0,86.45610044214021,False,
13,36,STARLINK-34078,16.0,116.14709052990854,False,
14,35,STARLINK-34078,14.0,188.1640635263921,False,
14,36,STARLINK-34078,14.0,37.758849939738816,False,
15,35,STARLINK-34078,10.0,132.3719262110636,False,
15,36,STARLINK-34078,10.0,43.58665987449082,False,
12,35,STARLINK-34078,17.0,132.37060141442078,False,
12,36,STARLINK-34078,17.0,43.58665984351989,False,
12,37,STARLINK-34078,17.0,209.2334587486102,False,
18,36,,,0.0,True,no_feasible_W_or_conflict
5,36,,,0.0,True,no_feasible_W_or_conflict
94,36,STARLINK-33856,11.0,87.70508974824162,False,
89,36,STARLINK-3557,19.0,173.1955042703782,False,
89,37,STARLINK-3557,19.0,135.66375372002778,False,
90,36,STARLINK-3557,13.0,111.59312078904883,False,
90,37,STARLINK-3557,13.0,135.66478116619038,False,
91,36,STARLINK-3557,3.0,111.59312068109323,False,
91,37,STARLINK-3557,3.0,135.66648139989135,False,
88,36,STARLINK-3557,11.0,111.59304007312606,False,
88,37,STARLINK-3557,11.0,135.66640379114637,False,
88,38,STARLINK-3557,11.0,74.67501151244656,False,
93,37,,,0.0,True,no_feasible_W_or_conflict
94,37,,,0.0,True,no_feasible_W_or_conflict
13,37,STARLINK-34078,16.0,353.0966761447594,False,
14,37,STARLINK-34078,14.0,228.98202230521005,False,
15,37,STARLINK-34078,10.0,209.23049477562444,False,
92,37,STARLINK-30984,4.0,158.90278725600353,False,
95,37,STARLINK-30984,18.0,158.90278725600353,False,
77,37,STARLINK-30984,1.0,158.90278725600353,False,
77,38,STARLINK-30984,1.0,128.68327897658705,False,
78,37,STARLINK-34078,1.0,209.2347823915325,False,
78,38,STARLINK-34078,1.0,53.34331432480997,False,
78,39,STARLINK-34078,1.0,226.7833156434028,False,
76,37,STARLINK-34078,12.0,353.12046050610894,False,
76,38,STARLINK-34078,12.0,43.5000632019394,False,
76,39,STARLINK-34078,12.0,55.65649472469957,False,
79,37,STARLINK-34078,21.0,353.11827129245125,False,
79,38,STARLINK-34078,21.0,118.48858653065926,False,
79,39,STARLINK-34078,21.0,226.78357514449368,False,
13,38,,,0.0,True,no_feasible_W_or_conflict
14,38,,,0.0,True,no_feasible_W_or_conflict
15,38,,,0.0,True,no_feasible_W_or_conflict
89,38,STARLINK-3557,19.0,74.67618940781232,False,
91,38,STARLINK-3557,3.0,74.67537942703046,False,
90,38,STARLINK-3557,13.0,25.128938325871584,False,
92,38,STARLINK-30984,4.0,128.68327897658705,False,
95,38,STARLINK-30984,18.0,128.68267610998168,False,
12,38,STARLINK-34122,7.0,152.2558659940731,False,
89,39,,,0.0,True,no_feasible_W_or_conflict
90,39,,,0.0,True,no_feasible_W_or_conflict
91,39,,,0.0,True,no_feasible_W_or_conflict
92,39,,,0.0,True,no_feasible_W_or_conflict
88,39,,,0.0,True,no_feasible_W_or_conflict
77,39,,,0.0,True,no_feasible_W_or_conflict
95,39,,,0.0,True,no_feasible_W_or_conflict
12,39,STARLINK-34122,7.0,37.79392934045894,False,
