user_id,time,sat,channel,data_rate
11,0,STARLINK-6186,4.0,223.3181288055333
11,1,STARLINK-6186,4.0,106.50844624618834
11,2,STARLINK-6186,4.0,142.173191666245
8,0,STARLINK-6186,3.0,223.3005144065393
8,1,STARLINK-6186,3.0,106.53031300601427
8,2,STARLINK-6186,3.0,66.30478964796511
9,0,STARLINK-31858,8.0,256.5950597279211
9,1,STARLINK-31858,8.0,74.96608847766203
9,2,STARLINK-31858,8.0,269.9133738007259
10,0,STARLINK-31858,0.0,150.12103854625985
10,1,STARLINK-31858,0.0,74.96608847766203
10,2,STARLINK-31858,0.0,269.93669885893337
11,3,STARLINK-31910,0.0,78.14666649653853
11,4,STARLINK-31910,0.0,72.8153987217452
11,5,STARLINK-31910,0.0,70.77590766617082
8,3,STARLINK-31910,18.0,178.75798798887527
8,4,STARLINK-31910,18.0,40.30585878899141
8,5,STARLINK-31910,18.0,59.993445911055424
9,3,STARLINK-33875,0.0,54.31250660738202
9,4,STARLINK-33875,0.0,52.57333510665315
9,5,STARLINK-33875,0.0,53.494942276106244
10,3,STARLINK-33875,22.0,154.92595024112214
10,4,STARLINK-33875,22.0,32.639194489338884
10,5,STARLINK-33875,22.0,50.701588100349156
44,3,STARLINK-6227,4.0,118.5341832262546
44,4,STARLINK-6227,4.0,18.75397694782119
44,5,STARLINK-6227,4.0,19.10826787412022
47,3,STARLINK-6227,10.0,118.53333281548488
47,4,STARLINK-6227,10.0,15.673259364598975
47,5,STARLINK-6227,10.0,14.031181679097111
45,3,STARLINK-6227,8.0,44.333463158667804
45,4,STARLINK-6227,8.0,36.43347446622713
45,5,STARLINK-6227,8.0,23.283946077827856
46,3,STARLINK-33875,8.0,80.72483656594011
46,4,STARLINK-33875,8.0,80.33758320763906
46,5,STARLINK-33875,8.0,94.66667900232218
57,4,STARLINK-32001,21.0,220.1173080660591
57,5,STARLINK-32001,21.0,158.24096075129225
57,6,STARLINK-32001,21.0,37.748839001660855
59,4,STARLINK-5086,9.0,242.40320866306584
59,5,STARLINK-5086,9.0,196.49582216354509
59,6,STARLINK-5086,9.0,32.627910660491665
56,4,STARLINK-32001,7.0,220.10620047408497
56,5,STARLINK-32001,7.0,32.20422663458043
56,6,STARLINK-32001,7.0,22.444860156296816
58,4,STARLINK-5086,10.0,167.70435966147733
58,5,STARLINK-5086,10.0,148.6436710242149
58,6,STARLINK-5086,10.0,40.60024709250997
20,5,STARLINK-4158,11.0,230.77436856797593
20,6,STARLINK-4158,11.0,245.2596566837184
20,7,STARLINK-4158,11.0,253.6270181154059
22,5,STARLINK-4158,14.0,230.77426679499314
22,6,STARLINK-4158,14.0,143.49685692372822
22,7,STARLINK-4158,14.0,96.85198302636145
21,5,STARLINK-31353,2.0,168.18613952550936
21,6,STARLINK-31353,2.0,18.32451790021924
21,7,STARLINK-31353,2.0,28.856150595844664
23,5,STARLINK-31353,5.0,117.78496252440654
23,6,STARLINK-31353,5.0,8.205392200241707
23,7,STARLINK-31353,5.0,23.962523249282338
11,6,STARLINK-5860,15.0,45.79573780544819
11,7,STARLINK-5860,15.0,43.64172754823255
11,8,STARLINK-5860,15.0,19.95762262419356
10,6,STARLINK-5860,16.0,139.9316558997729
10,7,STARLINK-5860,16.0,62.97014851122128
10,8,STARLINK-5860,16.0,21.34703939122647
8,6,STARLINK-4158,15.0,93.21052857326217
8,7,STARLINK-4158,15.0,78.01513372280131
8,8,STARLINK-4158,15.0,75.0920422447411
9,6,STARLINK-4158,0.0,143.49685695211127
9,7,STARLINK-4158,0.0,96.8519510272098
9,8,STARLINK-4158,0.0,78.277303415155
44,6,STARLINK-4158,22.0,125.83422838438531
44,7,STARLINK-4158,22.0,85.11524050484924
44,8,STARLINK-4158,22.0,102.14905230207455
47,6,STARLINK-4158,9.0,125.78431646052954
47,7,STARLINK-4158,9.0,253.6229875608235
47,8,STARLINK-4158,9.0,111.19979255058634
45,6,STARLINK-5860,12.0,89.24117041432893
45,7,STARLINK-5860,12.0,61.16857414477129
45,8,STARLINK-5860,12.0,26.2530213149146
52,6,STARLINK-34163,8.0,116.32895628843725
52,7,STARLINK-34163,8.0,84.17001204371944
52,8,STARLINK-34163,8.0,36.1766871707578
53,6,STARLINK-34163,10.0,104.32798895194638
53,7,STARLINK-34163,10.0,76.56189730788687
53,8,STARLINK-34163,10.0,22.98882564751635
46,6,STARLINK-34163,17.0,98.61580543393625
46,7,STARLINK-34163,17.0,130.57257008558418
46,8,STARLINK-34163,17.0,38.04868460002377
54,6,STARLINK-34163,21.0,94.81461450852831
54,7,STARLINK-34163,21.0,65.55212309639776
54,8,STARLINK-34163,21.0,19.791306054933692
55,6,STARLINK-34163,4.0,94.81081518744328
55,7,STARLINK-34163,4.0,54.50555523833629
55,8,STARLINK-34163,4.0,18.585556376425497
57,7,STARLINK-4158,19.0,253.6270181154059
57,8,STARLINK-4158,19.0,227.6381213469987
57,9,STARLINK-4158,19.0,53.07520739489106
59,7,STARLINK-4158,24.0,96.85170155992182
59,8,STARLINK-4158,24.0,78.28001251293398
59,9,STARLINK-4158,24.0,22.152146811985773
56,7,STARLINK-34165,5.0,73.33519114074767
56,8,STARLINK-34165,5.0,54.2483700096266
56,9,STARLINK-34165,5.0,26.361791076045254
58,7,STARLINK-33873,6.0,64.97954158154865
58,8,STARLINK-33873,6.0,72.93079589482441
58,9,STARLINK-33873,6.0,166.46658884841824
37,7,STARLINK-34165,16.0,50.73491687411156
37,8,STARLINK-34165,16.0,30.40456378881921
37,9,STARLINK-34165,16.0,26.363590606527065
39,7,STARLINK-34165,3.0,48.596517583775
39,8,STARLINK-34165,3.0,40.26306247559378
39,9,STARLINK-34165,3.0,26.363449479481503
38,7,STARLINK-34165,21.0,45.875378885306866
38,8,STARLINK-34165,21.0,43.8236921348832
38,9,STARLINK-34165,21.0,56.76147079962608
36,7,STARLINK-33873,10.0,64.97868351490675
36,8,STARLINK-33873,10.0,135.50849653212777
36,9,STARLINK-33873,10.0,117.14782448992788
23,8,STARLINK-33918,11.0,178.49679348659117
23,9,STARLINK-33918,11.0,34.460833867632985
23,10,STARLINK-33918,11.0,43.726576133473934
20,8,STARLINK-33918,12.0,52.5884364153696
20,9,STARLINK-33918,12.0,26.538227629708175
20,10,STARLINK-33918,12.0,34.772561708056266
21,8,STARLINK-33918,1.0,44.84851734414466
21,9,STARLINK-33918,1.0,18.89627804386878
21,10,STARLINK-33918,1.0,133.3769607880625
22,8,STARLINK-33918,6.0,44.84557608533688
22,9,STARLINK-33918,6.0,18.895336529705038
22,10,STARLINK-33918,6.0,133.24389331067727
32,8,STARLINK-34165,20.0,42.23601953430755
32,9,STARLINK-34165,20.0,13.630486681263898
32,10,STARLINK-34165,20.0,31.175098834678245
33,8,STARLINK-34165,9.0,38.17249154741633
33,9,STARLINK-34165,9.0,117.15581521041827
33,10,STARLINK-34165,9.0,104.01198333317875
35,8,STARLINK-33918,16.0,41.78461054430103
35,9,STARLINK-33918,16.0,26.53824672567023
35,10,STARLINK-33918,16.0,43.70736969699178
34,8,STARLINK-33918,7.0,38.82153431234074
34,9,STARLINK-33918,7.0,31.069874824963897
34,10,STARLINK-33918,7.0,72.97818342417179
47,9,STARLINK-34160,17.0,187.75049404296155
47,10,STARLINK-34160,17.0,179.21197020376152
47,11,STARLINK-34160,17.0,156.20554618628245
11,9,STARLINK-34160,11.0,104.61777050395118
11,10,STARLINK-34160,11.0,89.55684772254442
8,9,STARLINK-34160,12.0,74.2198403395447
8,10,STARLINK-34160,12.0,67.99882440818726
8,11,STARLINK-34160,12.0,75.18956675088334
46,9,STARLINK-34160,4.0,104.61729574609781
46,10,STARLINK-34160,4.0,89.5541324941717
46,11,STARLINK-34160,4.0,155.10022265801513
9,9,STARLINK-34160,15.0,104.61654238721964
9,10,STARLINK-34160,15.0,89.52144830598726
9,11,STARLINK-34160,15.0,155.0012351652053
45,9,STARLINK-34160,19.0,81.68745898175706
45,10,STARLINK-34160,19.0,179.1745359323294
45,11,STARLINK-34160,19.0,155.10642964838166
44,9,STARLINK-34160,3.0,74.21941076554778
44,10,STARLINK-34160,3.0,89.55648184795278
44,11,STARLINK-34160,3.0,156.20430421678134
10,9,STARLINK-34160,5.0,74.21357968170133
10,10,STARLINK-34160,5.0,89.55643197758717
10,11,STARLINK-34160,5.0,155.09973834272992
52,9,STARLINK-34160,18.0,39.717811016868545
52,10,STARLINK-34160,18.0,179.20395250341286
52,11,STARLINK-34160,18.0,156.20554618628245
54,9,STARLINK-34160,2.0,39.717761949951516
54,10,STARLINK-34160,2.0,179.17430469767604
54,11,STARLINK-34160,2.0,154.99206114645088
55,9,STARLINK-34160,10.0,39.71772782946037
55,10,STARLINK-34160,10.0,179.21656607095653
55,11,STARLINK-34160,10.0,155.10382375882344
96,9,STARLINK-34160,14.0,39.715810219241725
96,10,STARLINK-34160,14.0,179.0541434811823
96,11,STARLINK-34160,14.0,156.0923360433021
97,9,STARLINK-34160,20.0,34.554173590536216
97,10,STARLINK-34160,20.0,106.25765402791035
97,11,STARLINK-34160,20.0,156.19898401727582
53,9,STARLINK-34165,13.0,42.34283339823627
53,10,STARLINK-34165,13.0,104.0072639317786
53,11,STARLINK-34165,13.0,129.95676505993444
99,9,STARLINK-34165,7.0,30.861201323615767
99,10,STARLINK-34165,7.0,43.75129510321331
99,11,STARLINK-34165,7.0,130.95305279004916
98,9,STARLINK-34165,12.0,26.363571651136837
98,10,STARLINK-34165,12.0,22.221089295046056
98,11,STARLINK-34165,12.0,50.13651878866595
56,10,STARLINK-34709,0.0,0.20822217313727992
56,11,STARLINK-34709,0.0,0.1441779121050636
56,12,STARLINK-34709,0.0,0.08242748206830125
57,10,STARLINK-34709,22.0,0.2078972329933257
57,11,STARLINK-34709,22.0,0.14233680602559146
57,12,STARLINK-34709,22.0,0.485900067714486
59,10,STARLINK-34709,9.0,0.0845103885120094
59,11,STARLINK-34709,9.0,0.1423267781886861
59,12,STARLINK-34709,9.0,0.0897551069437772
58,10,STARLINK-34709,13.0,0.08450802481782091
58,11,STARLINK-34709,13.0,0.04614505912905675
58,12,STARLINK-34709,13.0,0.9697302436880403
37,10,STARLINK-34709,6.0,0.06559496254119376
37,11,STARLINK-34709,6.0,0.1423285249553921
37,12,STARLINK-34709,6.0,0.08218140627489785
39,10,STARLINK-34709,21.0,0.06559496254119376
39,11,STARLINK-34709,21.0,0.14417771825499068
39,12,STARLINK-34709,21.0,0.08242713240319806
36,10,STARLINK-34709,7.0,0.04488681843203138
36,11,STARLINK-34709,7.0,0.046335480076308895
36,12,STARLINK-34709,7.0,0.08242686450779677
38,10,STARLINK-34709,14.0,0.04410216390905207
38,11,STARLINK-34709,14.0,0.037265812969997626
38,12,STARLINK-34709,14.0,0.49464276493151077
11,11,STARLINK-34160,11.0,155.10642964838166
20,11,STARLINK-4028,1.0,1.4844711203337426
20,12,STARLINK-4028,1.0,2.0598224776703433
20,13,STARLINK-4028,1.0,0.40674341231181665
22,11,STARLINK-4028,11.0,0.3853545824329398
22,12,STARLINK-4028,11.0,4.156939426252763
22,13,STARLINK-4028,11.0,1.057169767860002
21,11,STARLINK-4028,22.0,1.4826297160815873
21,12,STARLINK-4028,22.0,2.0510397514692142
21,13,STARLINK-4028,22.0,0.40675367987247435
23,11,STARLINK-4028,6.0,1.4825429547040947
23,12,STARLINK-4028,6.0,0.3449495616712002
23,13,STARLINK-4028,6.0,0.20774016127938252
32,11,STARLINK-4028,9.0,1.4825246537092391
32,12,STARLINK-4028,9.0,0.3767790996351749
32,13,STARLINK-4028,9.0,0.30292423678112235
74,11,STARLINK-4028,19.0,0.3853545824329398
74,12,STARLINK-4028,19.0,4.156939426252763
74,13,STARLINK-4028,19.0,1.0572096047122503
35,11,STARLINK-4028,10.0,0.3853515071122372
35,12,STARLINK-4028,10.0,4.156576325418561
35,13,STARLINK-4028,10.0,1.0570376439073894
34,11,STARLINK-4028,4.0,0.3853472571864021
34,12,STARLINK-4028,4.0,4.156350534775381
34,13,STARLINK-4028,4.0,0.24068238139166157
72,11,STARLINK-4028,5.0,0.38534668559994845
72,12,STARLINK-4028,5.0,2.0597679088622782
72,13,STARLINK-4028,5.0,0.17644607811295593
33,11,STARLINK-4028,23.0,0.3853425302842308
33,12,STARLINK-4028,23.0,0.9827048754447962
33,13,STARLINK-4028,23.0,0.24558043232616658
73,11,STARLINK-4028,15.0,0.3852303828401285
73,12,STARLINK-4028,15.0,2.05100007390901
73,13,STARLINK-4028,15.0,0.40675367987247435
75,11,STARLINK-4028,12.0,0.2494255036018295
75,12,STARLINK-4028,12.0,4.156770501131609
75,13,STARLINK-4028,12.0,1.0571584673567715
11,12,,,0.0
10,12,STARLINK-31678,20.0,207.01955523355304
9,12,STARLINK-31678,17.0,278.8822811196026
8,12,STARLINK-31678,0.0,206.60929577254046
44,12,STARLINK-31678,21.0,206.60685342529914
44,13,STARLINK-31678,21.0,77.64957061750485
47,12,STARLINK-31678,7.0,206.60498225958375
47,13,STARLINK-31678,7.0,77.64957061750485
45,12,STARLINK-32190,18.0,82.09331723052334
45,13,STARLINK-32190,18.0,110.56611377946254
45,14,STARLINK-32190,18.0,179.67593968068607
46,12,STARLINK-32190,20.0,10.210393598179609
46,13,STARLINK-32190,20.0,43.58352352079194
46,14,STARLINK-32190,20.0,179.67593968068607
52,12,STARLINK-32190,3.0,82.08203489129859
52,13,STARLINK-32190,3.0,110.55417889917925
52,14,STARLINK-32190,3.0,65.1418728213544
53,12,STARLINK-32190,0.0,10.20280832057195
53,13,STARLINK-32190,0.0,43.58299928981792
53,14,STARLINK-32190,0.0,65.14183755884123
87,12,,,0.0
84,12,STARLINK-32190,14.0,81.58272981164026
84,13,STARLINK-32190,14.0,35.86438165593594
84,14,STARLINK-32190,14.0,95.23081318454483
55,12,STARLINK-32190,1.0,79.99628562749218
55,13,STARLINK-32190,1.0,109.91321713695892
55,14,STARLINK-32190,1.0,65.14187284794255
96,12,STARLINK-32190,2.0,79.94391124212174
96,13,STARLINK-32190,2.0,109.91735723775038
96,14,STARLINK-32190,2.0,65.14187284794255
86,12,STARLINK-32190,22.0,79.50959223366031
86,13,STARLINK-32190,22.0,109.91784652701377
86,14,STARLINK-32190,22.0,179.67559259868187
98,12,STARLINK-32190,24.0,31.931292985438446
98,13,STARLINK-32190,24.0,53.66757287525541
98,14,STARLINK-32190,24.0,65.14187284794255
97,12,STARLINK-32190,23.0,31.620650939498223
97,13,STARLINK-32190,23.0,53.522301933189596
97,14,STARLINK-32190,23.0,70.41538208556015
85,12,STARLINK-32190,21.0,10.202763084782667
85,13,STARLINK-32190,21.0,43.58352352079194
85,14,STARLINK-32190,21.0,179.6757168765934
99,12,STARLINK-32190,7.0,10.202728427462446
99,13,STARLINK-32190,7.0,43.58352352079194
99,14,STARLINK-32190,7.0,179.67579137278423
54,12,STARLINK-32190,6.0,10.170978116747692
54,13,STARLINK-32190,6.0,43.488334818557234
54,14,STARLINK-32190,6.0,65.14184580723229
56,13,,,0.0
58,13,,,0.0
9,13,STARLINK-31678,17.0,51.87348789181849
10,13,STARLINK-31678,20.0,77.64957061750485
8,13,STARLINK-31678,0.0,77.64847410357176
57,13,STARLINK-31744,17.0,78.45245694536912
57,14,STARLINK-31744,17.0,41.36876254285593
59,13,STARLINK-31744,4.0,170.3968386112475
59,14,STARLINK-31744,4.0,23.78313004508014
68,13,,,0.0
36,13,,,0.0
37,13,,,0.0
38,13,,,0.0
39,13,,,0.0
69,13,,,0.0
70,13,,,0.0
71,13,,,0.0
8,14,,,0.0
9,14,,,0.0
10,14,,,0.0
44,14,,,0.0
47,14,,,0.0
21,14,STARLINK-30906,16.0,172.3883699873004
21,15,STARLINK-30906,16.0,52.567711433938726
21,16,STARLINK-30906,16.0,97.83723455003278
20,14,STARLINK-30906,13.0,61.21602261277318
20,15,STARLINK-30906,13.0,26.71986685524666
20,16,STARLINK-30906,13.0,68.05115899776547
23,14,STARLINK-30906,19.0,61.21602261277318
23,15,STARLINK-30906,19.0,26.720038337049974
23,16,STARLINK-30906,19.0,58.8275648522236
22,14,STARLINK-30906,8.0,172.357316915614
22,15,STARLINK-30906,8.0,52.563724540411044
22,16,STARLINK-30906,8.0,97.8335155833798
32,14,STARLINK-33717,12.0,184.26615327234518
32,15,STARLINK-33717,12.0,194.16860025218298
32,16,STARLINK-33717,12.0,63.10628306294572
35,14,STARLINK-33717,10.0,184.26612461197715
35,15,STARLINK-33717,10.0,91.764567636869
35,16,STARLINK-33717,10.0,58.55866480497843
33,14,STARLINK-33717,4.0,55.50847966004381
33,15,STARLINK-33717,4.0,65.91606461781606
33,16,STARLINK-33717,4.0,25.438890612036335
75,14,STARLINK-33717,11.0,73.0941121578196
75,15,STARLINK-33717,11.0,102.08194676691937
75,16,STARLINK-33717,11.0,42.662667359289834
74,14,STARLINK-33717,13.0,73.09373383537226
74,15,STARLINK-33717,13.0,65.91562536627663
74,16,STARLINK-33717,13.0,28.775114512915955
30,14,STARLINK-33717,19.0,73.09373383537226
30,15,STARLINK-33717,19.0,65.91613239670869
30,16,STARLINK-33717,19.0,25.439195836707015
72,14,STARLINK-33717,2.0,69.73233320446718
72,15,STARLINK-33717,2.0,91.764567636869
72,16,STARLINK-33717,2.0,40.991955501540424
31,14,STARLINK-33717,24.0,69.73233320446718
31,15,STARLINK-33717,24.0,91.76427666216946
31,16,STARLINK-33717,24.0,58.560193686787194
73,14,STARLINK-33717,3.0,69.73233317537776
73,15,STARLINK-33717,3.0,90.16332967591843
73,16,STARLINK-33717,3.0,57.82540997210174
29,14,STARLINK-33717,15.0,69.73233317537776
29,15,STARLINK-33717,15.0,138.20868944645377
29,16,STARLINK-33717,15.0,63.1064239956898
34,14,STARLINK-30906,4.0,47.0817643072268
34,15,STARLINK-30906,4.0,26.720015413707774
34,16,STARLINK-30906,4.0,58.82674199110205
28,14,STARLINK-30906,17.0,90.09062638648048
28,15,STARLINK-30906,17.0,52.56772645264603
28,16,STARLINK-30906,17.0,97.83723455003278
57,15,,,0.0
59,15,,,0.0
45,15,STARLINK-30906,7.0,129.81832889948433
46,15,STARLINK-30906,22.0,37.729397812917604
98,15,STARLINK-31457,20.0,147.98752450436925
98,16,STARLINK-31457,20.0,76.64964648180093
98,17,STARLINK-31457,20.0,49.794240813652394
53,15,STARLINK-31457,14.0,45.58144688616094
53,16,STARLINK-31457,14.0,83.6517642010053
53,17,STARLINK-31457,14.0,27.872072558199967
54,15,STARLINK-31457,5.0,99.84985414680649
54,16,STARLINK-31457,5.0,223.91792391723286
54,17,STARLINK-31457,5.0,24.13442910032268
52,15,STARLINK-31457,23.0,34.572494622234764
52,16,STARLINK-31457,23.0,38.864708567983136
52,17,STARLINK-31457,23.0,37.503543493385486
55,15,STARLINK-31457,16.0,70.73719166737324
55,16,STARLINK-31457,16.0,52.75260499690076
55,17,STARLINK-31457,16.0,59.0962026648655
96,15,STARLINK-31457,8.0,70.7313468169954
96,16,STARLINK-31457,8.0,52.75098993345049
96,17,STARLINK-31457,8.0,26.38918820143095
97,15,STARLINK-31457,0.0,45.581854098102376
97,16,STARLINK-31457,0.0,83.65328330735726
97,17,STARLINK-31457,0.0,37.504740782478294
86,15,STARLINK-31457,24.0,45.58173808101978
86,16,STARLINK-31457,24.0,83.65242680743877
86,17,STARLINK-31457,24.0,61.461571572413135
61,15,STARLINK-31457,3.0,44.94074548984175
61,16,STARLINK-31457,3.0,82.47150616692623
61,17,STARLINK-31457,3.0,57.69461978425276
99,15,STARLINK-31457,19.0,34.572494622234764
99,16,STARLINK-31457,19.0,34.17562924619835
99,17,STARLINK-31457,19.0,35.11465020435524
63,15,STARLINK-31457,4.0,34.57246388969102
63,16,STARLINK-31457,4.0,34.17520268995058
63,17,STARLINK-31457,4.0,50.33152519838413
62,15,STARLINK-33717,21.0,194.1708778534861
62,16,STARLINK-33717,21.0,63.104812584617385
62,17,STARLINK-33717,21.0,89.33982267776801
85,15,STARLINK-33717,22.0,102.08194676691937
85,16,STARLINK-33717,22.0,42.66273090830567
85,17,STARLINK-33717,22.0,196.70955809177485
84,15,STARLINK-33717,14.0,91.7635463377271
84,16,STARLINK-33717,14.0,58.559782201425705
84,17,STARLINK-33717,14.0,72.09677942018227
60,15,STARLINK-33717,23.0,65.91613239670869
60,16,STARLINK-33717,23.0,28.774990499270388
60,17,STARLINK-33717,23.0,105.96547377001905
45,16,STARLINK-30906,7.0,268.99386793233646
46,16,STARLINK-30906,22.0,112.83991818813871
66,16,STARLINK-6116,18.0,202.54995227771
66,17,STARLINK-6116,18.0,77.84117179243191
66,18,STARLINK-6116,18.0,8.225567870297281
67,16,STARLINK-6116,15.0,77.09911336358599
67,17,STARLINK-6116,15.0,79.67772027466499
67,18,STARLINK-6116,15.0,34.831709405194005
64,16,STARLINK-6116,12.0,77.09892930220016
64,17,STARLINK-6116,12.0,66.10163996139686
64,18,STARLINK-6116,12.0,8.909331056741925
65,16,STARLINK-6116,20.0,65.55002167948456
65,17,STARLINK-6116,20.0,78.96520156366819
65,18,STARLINK-6116,20.0,9.867331493137971
20,17,,,0.0
45,17,,,0.0
46,17,,,0.0
22,17,,,0.0
33,17,STARLINK-31771,11.0,47.77224120003873
33,18,STARLINK-31771,11.0,31.371182232744083
32,17,STARLINK-31771,7.0,118.95879762571778
32,18,STARLINK-31771,7.0,73.86138757697923
21,17,STARLINK-31771,10.0,118.08710809496895
23,17,STARLINK-33717,11.0,38.91399989594019
75,17,STARLINK-31001,11.0,16.063335821573027
75,18,STARLINK-31001,11.0,11.761041435687448
75,19,STARLINK-31001,11.0,43.90811312796057
35,17,STARLINK-31001,7.0,32.67703784102437
35,18,STARLINK-31001,7.0,24.6648823753365
35,19,STARLINK-31001,7.0,18.4106463121058
34,17,STARLINK-6116,11.0,23.879436450095145
34,18,STARLINK-6116,11.0,5.033413690183694
34,19,STARLINK-6116,11.0,22.65988964128896
29,17,STARLINK-5950,5.0,35.11042299163409
29,18,STARLINK-5950,5.0,17.19387354919861
29,19,STARLINK-5950,5.0,24.24811361467274
72,17,STARLINK-5950,12.0,64.60046425549038
72,18,STARLINK-5950,12.0,11.307806097737291
72,19,STARLINK-5950,12.0,54.24727539686617
73,17,STARLINK-6116,5.0,35.819476930514156
73,18,STARLINK-6116,5.0,13.472251504366298
73,19,STARLINK-6116,5.0,21.363961763768472
31,17,STARLINK-6116,13.0,78.98639770141747
31,18,STARLINK-6116,13.0,7.435283974289287
31,19,STARLINK-6116,13.0,25.4596904693047
28,17,STARLINK-6116,8.0,39.367119912362824
28,18,STARLINK-6116,8.0,18.632751741787853
28,19,STARLINK-6116,8.0,22.67882082463612
74,17,STARLINK-6116,9.0,52.33904840570793
74,18,STARLINK-6116,9.0,8.002474456651207
74,19,STARLINK-6116,9.0,11.893281028521143
30,17,STARLINK-31001,8.0,25.88542877951712
30,18,STARLINK-31001,8.0,47.687881430814045
30,19,STARLINK-31001,8.0,43.94851494332262
3,17,STARLINK-31001,9.0,33.735550822238004
3,18,STARLINK-31001,9.0,19.03987684110066
3,19,STARLINK-31001,9.0,22.036716606675473
2,17,STARLINK-31001,15.0,49.119558661049304
2,18,STARLINK-31001,15.0,103.30725184619178
2,19,STARLINK-31001,15.0,36.33847075140037
0,17,STARLINK-30530,5.0,25.66086789184341
0,18,STARLINK-30530,5.0,43.8498257072534
0,19,STARLINK-30530,5.0,59.55841631107396
1,17,STARLINK-30530,8.0,28.07638978907639
1,18,STARLINK-30530,8.0,64.41747315393437
1,19,STARLINK-30530,8.0,63.98448889385033
52,18,,,0.0
23,18,,,0.0
55,18,STARLINK-31771,6.0,46.630064008076914
54,18,STARLINK-31771,23.0,101.59189543337995
21,18,STARLINK-31771,10.0,216.3906446920379
98,18,STARLINK-5158,6.0,115.93294696930862
98,19,STARLINK-5158,6.0,29.99690677599807
53,18,STARLINK-5158,22.0,341.62089557527236
97,18,STARLINK-5158,21.0,236.7988797302586
97,19,STARLINK-5158,21.0,35.96666955688413
97,20,STARLINK-5158,21.0,52.31691683759477
96,18,STARLINK-5158,20.0,236.7434462911156
96,19,STARLINK-5158,20.0,73.37205194032126
96,20,STARLINK-5158,20.0,68.89795410426574
99,18,STARLINK-30069,23.0,50.617277481641615
99,19,STARLINK-30069,23.0,20.5915228292034
61,18,STARLINK-5158,4.0,96.9664654706912
61,19,STARLINK-5158,4.0,13.076401465777122
61,20,STARLINK-5158,4.0,24.056079821707005
84,18,STARLINK-5158,13.0,125.7080387473273
84,19,STARLINK-5158,13.0,38.20998548155405
84,20,STARLINK-5158,13.0,69.27500214758302
63,18,STARLINK-5158,12.0,180.1482809445234
63,19,STARLINK-5158,12.0,74.61828533506136
63,20,STARLINK-5158,12.0,39.9451719609335
25,18,STARLINK-5158,14.0,162.6782143575699
25,19,STARLINK-5158,14.0,47.029993919500214
25,20,STARLINK-5158,14.0,56.732709628340245
27,18,STARLINK-5158,9.0,143.82449602146502
27,19,STARLINK-5158,9.0,17.32795133870113
27,20,STARLINK-5158,9.0,54.36163685968499
26,18,STARLINK-30069,4.0,23.017039376023487
26,19,STARLINK-30069,4.0,8.708835224955095
26,20,STARLINK-30069,4.0,24.566420529112147
85,18,STARLINK-30069,13.0,27.362382790337655
85,19,STARLINK-30069,13.0,24.496394954572843
85,20,STARLINK-30069,13.0,71.09665413003528
60,18,STARLINK-30069,24.0,90.56995991053343
60,19,STARLINK-30069,24.0,41.69722605454493
60,20,STARLINK-30069,24.0,43.26610246436622
24,18,STARLINK-30069,17.0,81.75936012364124
24,19,STARLINK-30069,17.0,13.493399998853391
24,20,STARLINK-30069,17.0,75.37775182530235
86,18,STARLINK-30069,3.0,78.03577113878931
86,19,STARLINK-30069,3.0,33.89157531709379
86,20,STARLINK-30069,3.0,35.117471832113644
62,18,STARLINK-30530,4.0,19.210382295129758
62,19,STARLINK-30530,4.0,22.830606629265326
62,20,STARLINK-30530,4.0,18.827967298442026
32,19,,,0.0
33,19,,,0.0
21,19,,,0.0
54,19,,,0.0
55,19,,,0.0
53,19,STARLINK-5158,22.0,29.995152394643974
66,19,STARLINK-5078,0.0,274.4703859869645
66,20,STARLINK-5078,0.0,43.623630507819705
66,21,STARLINK-5078,0.0,84.80768183086485
48,19,STARLINK-3752,23.0,165.36788262379542
48,20,STARLINK-3752,23.0,79.44835875077533
48,21,STARLINK-3752,23.0,4.93601887562072
67,19,STARLINK-3752,10.0,64.48671190788592
67,20,STARLINK-3752,10.0,85.01820455669707
67,21,STARLINK-3752,10.0,11.741912046745423
64,19,STARLINK-3752,2.0,64.48651357612677
64,20,STARLINK-3752,2.0,85.01947192799156
64,21,STARLINK-3752,2.0,11.742218804300819
65,19,STARLINK-5078,10.0,61.66102808621084
65,20,STARLINK-5078,10.0,57.723790436730575
65,21,STARLINK-5078,10.0,151.48756521039658
50,19,STARLINK-5078,2.0,61.66084095999493
50,20,STARLINK-5078,2.0,57.72454576388653
50,21,STARLINK-5078,2.0,151.4953441718364
51,19,STARLINK-5078,22.0,138.79834909253955
51,20,STARLINK-5078,22.0,65.21758530174048
51,21,STARLINK-5078,22.0,44.23272456939916
49,19,STARLINK-5078,15.0,125.26700144301438
49,20,STARLINK-5078,15.0,47.12178169195756
49,21,STARLINK-5078,15.0,36.43070864572515
35,20,,,0.0
53,20,STARLINK-5158,22.0,74.33006633449648
98,20,STARLINK-5158,6.0,50.10066496773039
99,20,STARLINK-30069,23.0,63.089007454460464
34,20,STARLINK-6116,8.0,32.52018925839531
75,20,STARLINK-30530,8.0,33.20570778015552
75,21,STARLINK-30530,8.0,20.054534173257483
72,20,STARLINK-30334,8.0,19.96407982093245
72,21,STARLINK-30334,8.0,21.693574823165413
72,22,STARLINK-30334,8.0,139.88685339792755
73,20,STARLINK-5078,8.0,38.57534962125531
73,21,STARLINK-5078,8.0,89.98634968910329
73,22,STARLINK-5078,8.0,24.7157214622705
74,20,STARLINK-2523,19.0,59.54387964105438
74,21,STARLINK-2523,19.0,32.48775211225454
74,22,STARLINK-2523,19.0,33.76748465580605
28,20,STARLINK-5311,19.0,42.08325056780433
28,21,STARLINK-5311,19.0,104.68930033538405
28,22,STARLINK-5311,19.0,66.83548577903213
40,20,STARLINK-5803,0.0,25.789744240337818
40,21,STARLINK-5803,0.0,39.201510274727006
40,22,STARLINK-5803,0.0,128.21440245931865
41,20,STARLINK-5803,18.0,30.244997236645712
41,21,STARLINK-5803,18.0,41.23981307557578
41,22,STARLINK-5803,18.0,36.32103585349764
31,20,STARLINK-5803,12.0,21.39620126175875
31,21,STARLINK-5803,12.0,34.26023439912044
31,22,STARLINK-5803,12.0,39.36150012782215
2,20,STARLINK-5803,24.0,22.54492530374751
2,21,STARLINK-5803,24.0,26.724482694494707
2,22,STARLINK-5803,24.0,79.20177322557575
29,20,STARLINK-5078,12.0,35.68770048849565
29,21,STARLINK-5078,12.0,72.001184082694
29,22,STARLINK-5078,12.0,15.560872934811517
0,20,STARLINK-5078,24.0,37.7392780809274
0,21,STARLINK-5078,24.0,53.97098567165588
0,22,STARLINK-5078,24.0,28.19305745162999
30,20,STARLINK-31996,15.0,54.98549843394598
30,21,STARLINK-31996,15.0,83.67734861479452
30,22,STARLINK-31996,15.0,50.71176272923703
1,20,STARLINK-2523,18.0,39.93497475938201
1,21,STARLINK-2523,18.0,25.519365023578587
1,22,STARLINK-2523,18.0,6.284047552843686
3,20,STARLINK-2523,12.0,27.894542715173962
3,21,STARLINK-2523,12.0,21.446553577249855
3,22,STARLINK-2523,12.0,6.738950927903352
42,20,STARLINK-5311,24.0,21.599216392007605
42,21,STARLINK-5311,24.0,46.51326180221128
42,22,STARLINK-5311,24.0,21.350821252266535
43,20,STARLINK-3752,0.0,62.253770826157165
43,21,STARLINK-3752,0.0,8.236429776206004
43,22,STARLINK-3752,0.0,21.513822231719676
96,21,,,0.0
98,21,,,0.0
99,21,,,0.0
34,21,,,0.0
53,21,,,0.0
97,21,STARLINK-5158,13.0,23.600195541405295
84,21,STARLINK-5311,13.0,31.516686097455402
84,22,STARLINK-5311,13.0,13.2733451526682
61,21,STARLINK-5311,23.0,38.05954127195762
61,22,STARLINK-5311,23.0,24.912612447043077
61,23,STARLINK-5311,23.0,31.519697897684782
85,21,STARLINK-31996,13.0,82.9552584404659
85,22,STARLINK-31996,13.0,54.26843468236297
85,23,STARLINK-31996,13.0,37.814065859346
86,21,STARLINK-31996,23.0,106.51253667371917
86,22,STARLINK-31996,23.0,128.08790992977057
86,23,STARLINK-31996,23.0,38.57640418488688
60,21,STARLINK-31996,1.0,88.11707606543939
60,22,STARLINK-31996,1.0,44.18738743685713
60,23,STARLINK-31996,1.0,15.501642752104045
62,21,STARLINK-31996,5.0,76.64301103816582
62,22,STARLINK-31996,5.0,46.548438872241476
62,23,STARLINK-31996,5.0,17.747368166717706
83,21,STARLINK-31996,22.0,107.64496712168109
83,22,STARLINK-31996,22.0,57.27593621061823
83,23,STARLINK-31996,22.0,20.39069291756165
27,21,STARLINK-31996,17.0,93.59549938325422
27,22,STARLINK-31996,17.0,60.76108837629665
27,23,STARLINK-31996,17.0,27.67090602723628
26,21,STARLINK-31996,6.0,90.46177635354726
26,22,STARLINK-31996,6.0,98.60341763141237
26,23,STARLINK-31996,6.0,58.87747590713852
63,21,STARLINK-5158,14.0,34.510418431236154
63,22,STARLINK-5158,14.0,51.21600088726321
63,23,STARLINK-5158,14.0,59.632608621000806
25,21,STARLINK-5078,1.0,37.958983003379224
25,22,STARLINK-5078,1.0,14.52001427655377
25,23,STARLINK-5078,1.0,17.628670078627568
24,21,STARLINK-5311,14.0,46.90573451243879
24,22,STARLINK-5311,14.0,10.682184838953223
24,23,STARLINK-5311,14.0,33.05803134164174
80,21,STARLINK-5311,21.0,68.64153676452801
80,22,STARLINK-5311,21.0,19.69709673419971
80,23,STARLINK-5311,21.0,17.382490562049025
82,21,STARLINK-5311,5.0,29.59601097233298
82,22,STARLINK-5311,5.0,11.663663473426336
82,23,STARLINK-5311,5.0,14.739171687376654
81,21,STARLINK-5311,4.0,62.913445949824975
81,22,STARLINK-5311,4.0,60.7588984677577
81,23,STARLINK-5311,4.0,37.64542814897044
75,22,,,0.0
97,22,STARLINK-5158,13.0,67.00698802238604
66,22,STARLINK-32199,2.0,117.2809705160519
66,23,STARLINK-32199,2.0,44.86504863191232
66,24,STARLINK-32199,2.0,22.48812575418872
67,22,STARLINK-30334,21.0,152.67574139710374
67,23,STARLINK-30334,21.0,184.46749443742524
67,24,STARLINK-30334,21.0,72.81160838453981
64,22,STARLINK-30334,9.0,108.8751676800112
64,23,STARLINK-30334,9.0,128.61868379774208
64,24,STARLINK-30334,9.0,24.572824987262177
51,22,STARLINK-30334,22.0,87.0792813895599
51,23,STARLINK-30334,22.0,173.31184028450292
51,24,STARLINK-30334,22.0,72.80958304720072
49,22,STARLINK-30334,3.0,73.87565026320182
49,23,STARLINK-30334,3.0,138.5474653105413
49,24,STARLINK-30334,3.0,33.19424093849167
48,22,STARLINK-30334,12.0,71.03042591909349
48,23,STARLINK-30334,12.0,302.7502262399472
48,24,STARLINK-30334,12.0,47.24187951980022
65,22,STARLINK-30334,5.0,68.88334044875153
65,23,STARLINK-30334,5.0,132.97980874574228
65,24,STARLINK-30334,5.0,72.81008270418151
50,22,STARLINK-30334,1.0,65.02855227489677
50,23,STARLINK-30334,1.0,106.67977778078365
50,24,STARLINK-30334,1.0,57.30728038224942
72,23,,,0.0
97,23,STARLINK-5158,13.0,55.30528226131535
84,23,STARLINK-5311,13.0,30.9160838813534
74,23,STARLINK-5078,0.0,38.696446261321825
73,23,STARLINK-5078,24.0,38.696432350383155
31,23,STARLINK-30552,0.0,46.10529727015107
31,24,STARLINK-30552,0.0,31.059494376302716
28,23,STARLINK-30552,24.0,46.10528012161593
28,24,STARLINK-30552,24.0,66.96866087985156
0,23,STARLINK-33846,19.0,161.84262673226172
0,24,STARLINK-33846,19.0,198.23895361332515
0,25,STARLINK-33846,19.0,150.8300923265079
30,23,STARLINK-33846,0.0,39.67299059206808
30,24,STARLINK-33846,0.0,32.614778422288836
30,25,STARLINK-33846,0.0,89.69937817321967
29,23,STARLINK-33846,24.0,39.67297626618629
29,24,STARLINK-33846,24.0,70.97179817856451
29,25,STARLINK-33846,24.0,113.5627406194989
16,23,STARLINK-30552,11.0,42.961930669382994
16,24,STARLINK-30552,11.0,66.96829428911863
16,25,STARLINK-30552,11.0,44.121441165917496
2,23,STARLINK-30552,7.0,41.53778308418837
2,24,STARLINK-30552,7.0,31.20381588151662
2,25,STARLINK-30552,7.0,33.02753996572073
1,23,STARLINK-30552,23.0,53.361039140645765
1,24,STARLINK-30552,23.0,51.23974663588243
1,25,STARLINK-30552,23.0,58.93613659164121
3,23,STARLINK-30552,20.0,48.00058686895369
3,24,STARLINK-30552,20.0,66.96634203876414
3,25,STARLINK-30552,20.0,44.12105544236792
40,23,STARLINK-30552,18.0,18.87019528122747
40,24,STARLINK-30552,18.0,49.134649623303616
40,25,STARLINK-30552,18.0,33.62730946742323
42,23,STARLINK-30334,8.0,187.80339728310315
42,24,STARLINK-30334,8.0,33.44483940552206
42,25,STARLINK-30334,8.0,32.99244404581123
18,23,STARLINK-30334,18.0,93.60084759034625
18,24,STARLINK-30334,18.0,47.2421475908214
18,25,STARLINK-30334,18.0,11.312432111007018
41,23,STARLINK-32199,8.0,16.548200677946937
41,24,STARLINK-32199,8.0,22.68903134383013
41,25,STARLINK-32199,8.0,40.46330488657102
43,23,STARLINK-33914,15.0,62.92329842283182
43,24,STARLINK-33914,15.0,42.22535739116319
43,25,STARLINK-33914,15.0,143.73360420835655
19,23,STARLINK-33914,7.0,25.369122919446237
19,24,STARLINK-33914,7.0,23.94824799420514
19,25,STARLINK-33914,7.0,100.8607214832828
17,23,STARLINK-33846,11.0,37.04117276094769
17,24,STARLINK-33846,11.0,70.97140219881888
17,25,STARLINK-33846,11.0,113.56466620504236
73,24,,,0.0
97,24,,,0.0
74,24,,,0.0
84,24,,,0.0
85,24,STARLINK-5311,13.0,73.97817682074002
86,24,STARLINK-30603,6.0,261.2855375748082
61,24,STARLINK-30552,13.0,33.297218825736586
61,25,STARLINK-30552,13.0,86.66459214298123
61,26,STARLINK-30552,13.0,42.08709619344459
62,24,STARLINK-33832,13.0,28.524388746755207
62,25,STARLINK-33832,13.0,22.087354055309063
62,26,STARLINK-33832,13.0,6.240261144589429
25,24,STARLINK-33832,21.0,63.257780043656545
25,25,STARLINK-33832,21.0,13.29136682538309
25,26,STARLINK-33832,21.0,6.350354901257245
60,24,STARLINK-33832,5.0,63.25651342271984
60,25,STARLINK-33832,5.0,42.95404651011965
60,26,STARLINK-33832,5.0,29.013486270133736
63,24,STARLINK-33832,22.0,63.256098606515096
63,25,STARLINK-33832,22.0,9.849653794847962
63,26,STARLINK-33832,22.0,8.966226610817314
27,24,STARLINK-33832,23.0,43.37091341707432
27,25,STARLINK-33832,23.0,16.325472966439097
27,26,STARLINK-33832,23.0,6.090064453272096
24,24,STARLINK-33832,15.0,47.686676157266675
24,25,STARLINK-33832,15.0,12.202021043586
24,26,STARLINK-33832,15.0,12.795939732755194
82,24,STARLINK-33832,16.0,29.85081350678622
82,25,STARLINK-33832,16.0,8.842739897929668
82,26,STARLINK-33832,16.0,4.146717709185215
26,24,STARLINK-32199,12.0,31.415367684630674
26,25,STARLINK-32199,12.0,26.100084369514047
26,26,STARLINK-32199,12.0,19.947018115227955
80,24,STARLINK-32199,23.0,32.651839195648186
80,25,STARLINK-32199,23.0,22.300170545924708
80,26,STARLINK-32199,23.0,25.45476875574714
6,24,STARLINK-30552,14.0,85.20425330819945
6,25,STARLINK-30552,14.0,71.25284403902019
6,26,STARLINK-30552,14.0,67.1916341672543
83,24,STARLINK-30552,12.0,49.13436835826356
83,25,STARLINK-30552,12.0,71.25737110065039
83,26,STARLINK-30552,12.0,31.56738110591422
81,24,STARLINK-30552,17.0,66.96840165370938
81,25,STARLINK-30552,17.0,44.12142539545843
81,26,STARLINK-30552,17.0,100.7959709420578
7,24,STARLINK-33846,1.0,63.159737627629056
7,25,STARLINK-33846,1.0,288.25835056839196
7,26,STARLINK-33846,1.0,58.28756715370437
5,24,STARLINK-33846,10.0,50.18493412514065
5,25,STARLINK-33846,10.0,92.02448010145486
5,26,STARLINK-33846,10.0,29.041761998608795
4,24,STARLINK-33846,16.0,36.660082234341544
4,25,STARLINK-33846,16.0,67.06889087012053
4,26,STARLINK-33846,16.0,13.253956186136786
28,25,STARLINK-30552,24.0,44.12090588783684
31,25,STARLINK-30552,0.0,36.97738655492858
85,25,STARLINK-5311,13.0,26.398606698016383
86,25,STARLINK-30603,6.0,60.1350378751189
66,25,STARLINK-30545,21.0,23.32204282155616
66,26,STARLINK-30545,21.0,15.95053621315714
65,25,STARLINK-30545,22.0,17.084054168816028
65,26,STARLINK-30545,22.0,22.93459953541799
65,27,STARLINK-30545,22.0,7.284172646239317
64,25,STARLINK-30545,5.0,85.36217947085093
64,26,STARLINK-30545,5.0,88.60351078885687
64,27,STARLINK-30545,5.0,7.332410407395091
67,25,STARLINK-33846,21.0,121.1646533207771
67,26,STARLINK-33846,21.0,20.753328174160767
50,25,STARLINK-30545,9.0,19.375965348882914
50,26,STARLINK-30545,9.0,13.885933521961286
50,27,STARLINK-30545,9.0,8.619888743074531
51,25,STARLINK-30545,23.0,28.95129286578719
51,26,STARLINK-30545,23.0,15.269771855378819
51,27,STARLINK-30545,23.0,10.093936291122633
92,25,STARLINK-30545,19.0,26.520324525849432
92,26,STARLINK-30545,19.0,47.974615759931986
92,27,STARLINK-30545,19.0,20.83643110080554
93,25,STARLINK-33846,22.0,77.44277382638884
93,26,STARLINK-33846,22.0,30.132155181225322
93,27,STARLINK-33846,22.0,57.12582492575716
48,25,STARLINK-33846,9.0,91.91404505795721
48,26,STARLINK-33846,9.0,18.01707408070923
48,27,STARLINK-33846,9.0,70.98020784922475
49,25,STARLINK-33846,2.0,89.70057811058463
49,26,STARLINK-33846,2.0,18.19818539181525
49,27,STARLINK-33846,2.0,55.12727222155858
94,25,STARLINK-33846,18.0,79.57760899859122
94,26,STARLINK-33846,18.0,20.231311848806378
94,27,STARLINK-33846,18.0,75.03063943341526
95,25,STARLINK-30552,22.0,32.89545554926682
95,26,STARLINK-30552,22.0,65.67960680174002
95,27,STARLINK-30552,22.0,13.120305007461743
85,26,,,0.0
86,26,,,0.0
28,26,,,0.0
29,26,,,0.0
30,26,,,0.0
31,26,,,0.0
0,26,STARLINK-31483,0.0,140.35417451177943
0,27,STARLINK-31483,0.0,50.77637560695699
40,26,STARLINK-31483,8.0,278.86276697910057
40,27,STARLINK-31483,8.0,182.50291653025465
40,28,STARLINK-31483,8.0,28.716288663029104
1,26,STARLINK-31483,7.0,278.86248468515674
1,27,STARLINK-31483,7.0,88.44885554529124
3,26,STARLINK-31379,11.0,168.35425733227095
3,27,STARLINK-31379,11.0,51.342907320610166
2,26,STARLINK-31379,0.0,29.7847314819894
2,27,STARLINK-31379,0.0,21.940479087178367
2,28,STARLINK-31379,0.0,9.369019878575571
15,26,STARLINK-31483,6.0,108.78796046093119
15,27,STARLINK-31483,6.0,45.35148062711183
15,28,STARLINK-31483,6.0,82.01649490859191
42,26,STARLINK-31483,24.0,140.3558522961287
42,27,STARLINK-31483,24.0,63.81137425060749
42,28,STARLINK-31483,24.0,41.577527982546265
43,26,STARLINK-31483,3.0,140.35522091493544
43,27,STARLINK-31483,3.0,50.77570113612618
43,28,STARLINK-31483,3.0,39.923576748492835
12,26,STARLINK-31483,9.0,85.23286761084904
12,27,STARLINK-31483,9.0,36.08911210008827
12,28,STARLINK-31483,9.0,74.3106796159941
13,26,STARLINK-31483,21.0,104.19915350590985
13,27,STARLINK-31483,21.0,30.53440699976162
13,28,STARLINK-31483,21.0,69.34663435620222
16,26,STARLINK-31483,2.0,86.40934862910868
16,27,STARLINK-31483,2.0,28.971157674158214
16,28,STARLINK-31483,2.0,31.36772003903077
14,26,STARLINK-31379,19.0,81.49712455327094
14,27,STARLINK-31379,19.0,41.12929644074026
14,28,STARLINK-31379,19.0,6.474734037456281
41,26,STARLINK-31379,6.0,25.367672211501443
41,27,STARLINK-31379,6.0,19.855043309697756
41,28,STARLINK-31379,6.0,13.420499281856568
19,26,STARLINK-31379,20.0,71.78761122898857
19,27,STARLINK-31379,20.0,17.16228818656675
19,28,STARLINK-31379,20.0,10.787273023760719
17,26,STARLINK-31379,1.0,71.77866537500374
17,27,STARLINK-31379,1.0,51.34475582988058
17,28,STARLINK-31379,1.0,13.406523203507428
18,26,STARLINK-31379,9.0,21.33848980356604
18,27,STARLINK-31379,9.0,16.153886748572255
18,28,STARLINK-31379,9.0,12.475196782279305
61,27,,,0.0
62,27,,,0.0
66,27,STARLINK-30545,21.0,7.424032956501456
67,27,STARLINK-33846,21.0,58.50814225728828
63,27,STARLINK-33832,5.0,78.76786218822215
60,27,STARLINK-33832,15.0,73.49491117038583
25,27,STARLINK-6211,5.0,32.34690726644331
25,28,STARLINK-6211,5.0,19.554370607842788
24,27,STARLINK-6211,15.0,30.57741384899938
24,28,STARLINK-6211,15.0,11.983358617450422
24,29,STARLINK-6211,15.0,10.875229249090465
26,27,STARLINK-4279,5.0,17.394673527828587
26,28,STARLINK-4279,5.0,61.888321613354535
26,29,STARLINK-4279,5.0,81.53823598497077
27,27,STARLINK-4279,15.0,16.501484938802054
27,28,STARLINK-4279,15.0,35.16375229268454
80,27,STARLINK-4279,11.0,68.93493286799885
80,28,STARLINK-4279,11.0,42.68799594979523
80,29,STARLINK-4279,11.0,43.96934204183664
82,27,STARLINK-4279,19.0,54.324056756468174
82,28,STARLINK-4279,19.0,28.34623257238614
82,29,STARLINK-4279,19.0,111.6274491257813
7,27,STARLINK-4279,7.0,45.54607255361013
7,28,STARLINK-4279,7.0,61.29350770892493
7,29,STARLINK-4279,7.0,46.23884936435751
4,27,STARLINK-4279,24.0,34.55090577793341
4,28,STARLINK-4279,24.0,34.842944218356585
4,29,STARLINK-4279,24.0,108.12875124350487
6,27,STARLINK-6211,13.0,52.03463543356644
6,28,STARLINK-6211,13.0,16.603005668996314
6,29,STARLINK-6211,13.0,17.402519516839746
83,27,STARLINK-6211,4.0,49.85503037037793
83,28,STARLINK-6211,4.0,35.7598389261571
83,29,STARLINK-6211,4.0,24.262755424900476
81,27,STARLINK-6211,17.0,49.85489898308269
81,28,STARLINK-6211,17.0,18.330165517586433
81,29,STARLINK-6211,17.0,17.450283223154127
89,27,STARLINK-6211,23.0,46.655716651853794
89,28,STARLINK-6211,23.0,16.603005668996314
89,29,STARLINK-6211,23.0,11.751454214197254
90,27,STARLINK-6211,20.0,41.54557121790385
90,28,STARLINK-6211,20.0,16.570992290497163
90,29,STARLINK-6211,20.0,8.619159424203538
5,27,STARLINK-6211,21.0,32.799468983180965
5,28,STARLINK-6211,21.0,18.228602490199442
5,29,STARLINK-6211,21.0,24.26287318116656
91,27,STARLINK-6211,22.0,32.10920833196825
91,28,STARLINK-6211,22.0,11.044067867888922
91,29,STARLINK-6211,22.0,6.137075190190111
88,27,STARLINK-6211,2.0,31.103912491023088
88,28,STARLINK-6211,2.0,9.245325783952449
88,29,STARLINK-6211,2.0,8.19838220721868
64,28,,,0.0
66,28,,,0.0
67,28,,,0.0
60,28,,,0.0
63,28,,,0.0
0,28,STARLINK-31483,0.0,51.74050306522812
1,28,STARLINK-31483,7.0,75.09472712918381
3,28,STARLINK-31379,11.0,9.304527248706194
65,28,STARLINK-3749,10.0,159.55860131298556
50,28,STARLINK-3749,20.0,132.30661827146153
50,29,STARLINK-3749,20.0,17.00558285245957
94,28,STARLINK-3749,8.0,52.13047364336281
94,29,STARLINK-3749,8.0,37.47305698043951
94,30,STARLINK-3749,8.0,12.081727200516944
48,28,STARLINK-3749,19.0,62.29395232827622
48,29,STARLINK-3749,19.0,28.365519537707044
48,30,STARLINK-3749,19.0,12.67014175368696
78,28,STARLINK-3749,2.0,57.553555747863435
78,29,STARLINK-3749,2.0,16.14573349677122
78,30,STARLINK-3749,2.0,8.327319572016883
92,28,STARLINK-32191,8.0,28.692922241537637
92,29,STARLINK-32191,8.0,12.202341821547147
92,30,STARLINK-32191,8.0,194.4873996811518
79,28,STARLINK-32191,19.0,33.605273718027334
79,29,STARLINK-32191,19.0,9.479693937141267
79,30,STARLINK-32191,19.0,220.59319248042772
49,28,STARLINK-32191,2.0,31.34188870220742
49,29,STARLINK-32191,2.0,5.585561588514574
49,30,STARLINK-32191,2.0,97.5455697306589
77,28,STARLINK-32191,0.0,51.69372092565682
77,29,STARLINK-32191,0.0,6.448071262811787
77,30,STARLINK-32191,0.0,94.69506008562766
76,28,STARLINK-32191,11.0,51.26349016077466
76,29,STARLINK-32191,11.0,4.747688075089676
76,30,STARLINK-32191,11.0,109.62770877575568
51,28,STARLINK-2606,4.0,90.8040401885822
51,29,STARLINK-2606,4.0,128.74067302968584
51,30,STARLINK-2606,4.0,5.463178733267428
93,28,STARLINK-2606,8.0,18.169967054384173
93,29,STARLINK-2606,8.0,83.82781151730056
93,30,STARLINK-2606,8.0,5.200566725003558
95,28,STARLINK-2606,14.0,47.82231343289339
95,29,STARLINK-2606,14.0,37.20690424341361
95,30,STARLINK-2606,14.0,5.210084483741505
0,29,,,0.0
1,29,,,0.0
2,29,,,0.0
3,29,,,0.0
25,29,STARLINK-6211,5.0,11.335104409445893
27,29,STARLINK-4279,15.0,77.041919239531
65,29,STARLINK-3749,10.0,59.23210092981349
40,29,STARLINK-5287,0.0,191.26521787034548
40,30,STARLINK-5287,0.0,45.23500695012518
42,29,STARLINK-5287,20.0,154.78913361460621
42,30,STARLINK-5287,20.0,99.46231131895954
16,29,STARLINK-5287,6.0,101.42523875903738
16,30,STARLINK-5287,6.0,44.87324357458379
16,31,STARLINK-5287,6.0,59.730667940682565
43,29,STARLINK-5287,9.0,97.18102854267978
43,30,STARLINK-5287,9.0,81.17448570245136
43,31,STARLINK-5287,9.0,52.42023317794699
18,29,STARLINK-5287,2.0,140.37774370730656
18,30,STARLINK-5287,2.0,46.30241591637906
18,31,STARLINK-5287,2.0,40.06531147247865
41,29,STARLINK-5287,3.0,125.369102308752
41,30,STARLINK-5287,3.0,36.74036018598208
41,31,STARLINK-5287,3.0,21.40419791117628
15,29,STARLINK-5287,7.0,113.35078474208288
15,30,STARLINK-5287,7.0,289.0662852973865
15,31,STARLINK-5287,7.0,52.761703784052585
14,29,STARLINK-30535,16.0,50.66053387911134
14,30,STARLINK-30535,16.0,61.57845689182645
14,31,STARLINK-30535,16.0,144.2489492059994
17,29,STARLINK-30535,17.0,77.77519127403042
17,30,STARLINK-30535,17.0,149.81774949226323
17,31,STARLINK-30535,17.0,94.61977448475177
19,29,STARLINK-30535,6.0,25.620902037063257
19,30,STARLINK-30535,6.0,34.27467097402934
19,31,STARLINK-30535,6.0,80.31788777013492
12,29,STARLINK-30535,9.0,24.860212279491936
12,30,STARLINK-30535,9.0,59.505104262720835
12,31,STARLINK-30535,9.0,69.63340448808313
13,29,STARLINK-2606,16.0,51.60561884463582
13,30,STARLINK-2606,16.0,5.726560865983798
13,31,STARLINK-2606,16.0,19.01778789975877
25,30,,,0.0
26,30,,,0.0
27,30,,,0.0
65,30,STARLINK-3749,10.0,26.82982656723183
50,30,STARLINK-3749,20.0,14.972098585333763
24,30,STARLINK-30545,4.0,73.25238322355875
80,30,STARLINK-30991,4.0,28.885434819482622
80,31,STARLINK-30991,4.0,52.86770266415193
82,30,STARLINK-30991,5.0,31.76777334528525
82,31,STARLINK-30991,5.0,54.05040857309543
83,30,STARLINK-5176,4.0,28.4417554155434
83,31,STARLINK-5176,4.0,57.443474993333766
89,30,STARLINK-30535,21.0,96.10829506312557
89,31,STARLINK-30535,21.0,87.21902461904936
89,32,STARLINK-30535,21.0,53.37589500612816
81,30,STARLINK-30535,18.0,64.87552699191053
81,31,STARLINK-30535,18.0,105.12813289023809
81,32,STARLINK-30535,18.0,57.73103113221832
91,30,STARLINK-30535,13.0,64.87524690864996
91,31,STARLINK-30535,13.0,82.6526101484661
91,32,STARLINK-30535,13.0,26.44255339059179
4,30,STARLINK-30535,5.0,64.70597068072901
4,31,STARLINK-30535,5.0,46.567946400557695
4,32,STARLINK-30535,5.0,43.80193224763305
5,30,STARLINK-30535,1.0,86.1178399816378
5,31,STARLINK-30535,1.0,55.9437686581147
5,32,STARLINK-30535,1.0,104.02296582803845
90,30,STARLINK-30535,15.0,84.34722375821144
90,31,STARLINK-30535,15.0,47.011411274797624
90,32,STARLINK-30535,15.0,86.05628737429275
88,30,STARLINK-33558,18.0,30.552429143407622
88,31,STARLINK-33558,18.0,39.42421551581679
88,32,STARLINK-33558,18.0,90.0450428642634
7,30,STARLINK-33558,13.0,30.552316620655695
7,31,STARLINK-33558,13.0,32.8199882436015
7,32,STARLINK-33558,13.0,38.202559743517654
6,30,STARLINK-33558,5.0,30.48428043010587
6,31,STARLINK-33558,5.0,20.21902332419582
6,32,STARLINK-33558,5.0,65.817877108583
24,31,,,0.0
65,31,,,0.0
50,31,,,0.0
40,31,STARLINK-5287,0.0,115.493446895812
42,31,STARLINK-5287,20.0,41.273169424900644
48,31,STARLINK-5176,8.0,74.91472100873757
49,31,STARLINK-30991,8.0,68.48387686451797
51,31,STARLINK-31380,19.0,207.5919130420197
94,31,STARLINK-5176,7.0,91.43376262155438
94,32,STARLINK-5176,7.0,31.156005374030556
94,33,STARLINK-5176,7.0,93.48568109239233
92,31,STARLINK-5176,11.0,61.11831427940354
92,32,STARLINK-5176,11.0,30.208585309701338
92,33,STARLINK-5176,11.0,11.369442121893636
76,31,STARLINK-5176,1.0,71.45721434841411
76,32,STARLINK-5176,1.0,27.69268157407509
76,33,STARLINK-5176,1.0,193.88484720761633
78,31,STARLINK-5176,20.0,68.65323585185372
78,32,STARLINK-5176,20.0,24.184504775888428
78,33,STARLINK-5176,20.0,50.2978985889145
79,31,STARLINK-5176,2.0,66.38030420787895
79,32,STARLINK-5176,2.0,16.240377928627925
79,33,STARLINK-5176,2.0,39.40096132404615
93,31,STARLINK-30991,24.0,127.1322893839681
93,32,STARLINK-30991,24.0,22.745727936269013
93,33,STARLINK-30991,24.0,37.66374333914658
95,31,STARLINK-30991,12.0,80.89929611250369
95,32,STARLINK-30991,12.0,39.42392373623114
95,33,STARLINK-30991,12.0,51.58785948629189
77,31,STARLINK-30300,11.0,32.98913942271366
77,32,STARLINK-30300,11.0,27.673141142105617
77,33,STARLINK-30300,11.0,199.42352836581725
40,32,,,0.0
41,32,,,0.0
42,32,,,0.0
43,32,,,0.0
51,32,,,0.0
48,32,STARLINK-5176,8.0,52.04912774292031
83,32,STARLINK-5176,4.0,23.050433832157328
49,32,STARLINK-30991,8.0,73.43121705067014
80,32,STARLINK-30991,4.0,30.881974133320334
82,32,STARLINK-30991,5.0,18.362276582308066
16,32,STARLINK-33856,6.0,223.812828232254
16,33,STARLINK-33856,6.0,195.1544375334522
16,34,STARLINK-33856,6.0,238.07070065163754
19,32,STARLINK-5195,16.0,89.76001355850971
19,33,STARLINK-5195,16.0,52.516878016479566
19,34,STARLINK-5195,16.0,51.90869714846483
17,32,STARLINK-5195,9.0,190.32178347048782
17,33,STARLINK-5195,9.0,5.7777532307305846
17,34,STARLINK-5195,9.0,54.152314672511004
13,32,STARLINK-30985,2.0,67.94841093732482
13,33,STARLINK-30985,2.0,75.25867476980014
13,34,STARLINK-30985,2.0,15.185913301370505
14,32,STARLINK-30985,14.0,124.14843475634243
14,33,STARLINK-30985,14.0,118.08612536342802
14,34,STARLINK-30985,14.0,42.236571126674924
18,32,STARLINK-30985,10.0,124.14831783853501
18,33,STARLINK-30985,10.0,70.94659505371916
18,34,STARLINK-30985,10.0,21.20000845774075
15,32,STARLINK-33760,16.0,57.857781460394875
15,33,STARLINK-33760,16.0,69.6425283821715
15,34,STARLINK-33760,16.0,59.51614479946315
12,32,STARLINK-33760,2.0,52.13456608837383
12,33,STARLINK-33760,2.0,20.881763165561182
12,34,STARLINK-33760,2.0,19.695222290868013
80,33,,,0.0
81,33,,,0.0
82,33,,,0.0
83,33,,,0.0
48,33,STARLINK-5176,8.0,47.7650230989251
49,33,STARLINK-30991,8.0,31.272796022526993
4,33,STARLINK-30300,9.0,301.99460086382635
4,34,STARLINK-30300,9.0,55.668609225950625
7,33,STARLINK-30300,4.0,175.2911065343024
7,34,STARLINK-30300,4.0,37.82321925596929
6,33,STARLINK-30300,15.0,241.88940672851035
6,34,STARLINK-30300,15.0,18.666366980025913
5,33,STARLINK-33856,5.0,68.52454447242323
5,34,STARLINK-33856,5.0,104.93054941235167
5,35,STARLINK-33856,5.0,36.816623770360295
91,33,STARLINK-30984,18.0,94.83547580241826
91,34,STARLINK-30984,18.0,98.05450657651765
91,35,STARLINK-30984,18.0,25.525130357534614
89,33,STARLINK-30984,5.0,69.22447555318455
89,34,STARLINK-30984,5.0,43.82361556074622
89,35,STARLINK-30984,5.0,13.46365314154998
90,33,STARLINK-30985,4.0,18.428641885864273
90,34,STARLINK-30985,4.0,31.529959674869463
90,35,STARLINK-30985,4.0,26.372204100790547
88,33,STARLINK-33760,18.0,43.49530201079649
88,34,STARLINK-33760,18.0,36.34130365258283
88,35,STARLINK-33760,18.0,101.21742034496314
48,34,,,0.0
49,34,,,0.0
94,34,STARLINK-33856,11.0,238.10882636425998
94,35,STARLINK-33856,11.0,136.44511557638822
93,34,STARLINK-33856,21.0,238.10864797053756
93,35,STARLINK-33856,21.0,136.4474174328294
93,36,STARLINK-33856,21.0,87.70518322185143
92,34,STARLINK-33856,3.0,238.10678547861204
92,35,STARLINK-33856,3.0,136.4474174328294
92,36,STARLINK-33856,3.0,26.10285447699181
95,34,STARLINK-30984,1.0,107.9521553194973
95,35,STARLINK-30984,1.0,44.343801488116036
95,36,STARLINK-30984,1.0,64.67808836378127
77,34,STARLINK-33856,15.0,121.52265735066948
77,35,STARLINK-33856,15.0,136.44484385545178
77,36,STARLINK-33856,15.0,87.70479266553235
78,34,STARLINK-33856,2.0,114.23375876943665
78,35,STARLINK-33856,2.0,136.40761144045283
78,36,STARLINK-33856,2.0,87.70453110342538
79,34,STARLINK-33856,8.0,104.93248336516174
79,35,STARLINK-33856,8.0,90.0903514582634
79,36,STARLINK-33856,8.0,30.358072500075
76,34,STARLINK-30985,1.0,29.464741409168486
76,35,STARLINK-30985,1.0,46.38148220595512
76,36,STARLINK-30985,1.0,62.228331387246655
4,35,,,0.0
6,35,,,0.0
7,35,,,0.0
16,35,,,0.0
17,35,,,0.0
19,35,,,0.0
18,35,STARLINK-33760,16.0,48.73666032827617
13,35,STARLINK-34078,16.0,86.45610044214021
13,36,STARLINK-34078,16.0,116.14709052990854
14,35,STARLINK-34078,14.0,188.1640635263921
14,36,STARLINK-34078,14.0,37.758849939738816
15,35,STARLINK-34078,10.0,132.3719262110636
15,36,STARLINK-34078,10.0,43.58665987449082
12,35,STARLINK-34078,17.0,132.37060141442078
12,36,STARLINK-34078,17.0,43.58665984351989
12,37,STARLINK-34078,17.0,209.2334587486102
18,36,,,0.0
5,36,,,0.0
94,36,STARLINK-33856,11.0,26.102841924720202
89,36,STARLINK-3557,19.0,173.1955042703782
89,37,STARLINK-3557,19.0,135.66375372002778
90,36,STARLINK-3557,13.0,111.59312078904883
90,37,STARLINK-3557,13.0,135.66478116619038
91,36,STARLINK-3557,3.0,111.59312068109323
91,37,STARLINK-3557,3.0,135.66648139989135
88,36,STARLINK-3557,11.0,111.59304007312606
88,37,STARLINK-3557,11.0,135.66640379114637
88,38,STARLINK-3557,11.0,74.67501151244656
93,37,,,0.0
94,37,,,0.0
13,37,STARLINK-34078,16.0,353.0966761447594
14,37,STARLINK-34078,14.0,228.98202230521005
15,37,STARLINK-34078,10.0,209.23049477562444
92,37,STARLINK-30984,4.0,158.90278725600353
95,37,STARLINK-30984,18.0,158.90278725600353
77,37,STARLINK-30984,1.0,15.016281390777156
77,38,STARLINK-30984,1.0,63.536785560035334
78,37,STARLINK-34078,1.0,209.2347823915325
78,38,STARLINK-34078,1.0,53.34331432480997
78,39,STARLINK-34078,1.0,226.7833156434028
76,37,STARLINK-34078,12.0,353.12046050610894
76,38,STARLINK-34078,12.0,43.5000632019394
76,39,STARLINK-34078,12.0,55.65649472469957
79,37,STARLINK-34078,21.0,353.11827129245125
79,38,STARLINK-34078,21.0,118.48858653065926
79,39,STARLINK-34078,21.0,226.78357514449368
13,38,,,0.0
14,38,,,0.0
15,38,,,0.0
89,38,STARLINK-3557,19.0,74.67618940781232
91,38,STARLINK-3557,3.0,74.67537942703046
90,38,STARLINK-3557,13.0,25.128938325871584
92,38,STARLINK-30984,4.0,128.68327897658705
95,38,STARLINK-30984,18.0,128.68267610998168
12,38,STARLINK-34122,7.0,152.2558659940731
89,39,,,0.0
90,39,,,0.0
91,39,,,0.0
92,39,,,0.0
88,39,,,0.0
77,39,,,0.0
95,39,,,0.0
12,39,STARLINK-34122,7.0,37.79392934045894
